<?xml version="1.0" encoding="UTF-8"?>
<questestinterop xmlns="http://www.imsglobal.org/xsd/ims_qtiasiv1p2" xmlns:xsi="http://www.w3.org/2001/XMLSchema-instance" xsi:schemaLocation="http://www.imsglobal.org/xsd/ims_qtiasiv1p2 http://www.imsglobal.org/xsd/ims_qtiasiv1p2p1.xsd">
  <assessment ident="601346161bfc6" title="Lesson 3 Verb Parsing">
    <section ident="root_section">
      <item title="Verb Parsing" ident="601346161bfc6_100">
        <itemmetadata>
          <qtimetadata>
            <qtimetadatafield>
              <fieldlabel>question_type</fieldlabel>
              <fieldentry>multiple_answers_question</fieldentry>
            </qtimetadatafield>
            <qtimetadatafield>
              <fieldlabel>points_possible</fieldlabel>
              <fieldentry>1</fieldentry>
            </qtimetadatafield>
            <qtimetadatafield>
              <fieldlabel>original_answer_ids</fieldlabel>
              <fieldentry>=1st~2nd~3rd=Singular~Plural=Present~Imperfect~Future~Aorist~Perfect~Pluperfect=Active~Middle~Passive=Indicative~Subjunctive~Optative~Imperative~Infinitive</fieldentry>
            </qtimetadatafield>
            <qtimetadatafield>
              <fieldlabel>assessment_question_identifierref</fieldlabel>
              <fieldentry>601346161bfc6_101</fieldentry>
            </qtimetadatafield>
          </qtimetadata>
        </itemmetadata>
        <presentation>
          <material>
            <mattext texttype="text/html">What person, number, tense, voice, and mood is παιδεύω</mattext>
          </material>
          <response_lid ident="response1" rcardinality="Multiple">
            <render_choice>
              <response_label ident="102">
                <material>
                  <mattext texttype="text/plain">1st</mattext>
                </material>
              </response_label>
              <response_label ident="103">
                <material>
                  <mattext texttype="text/plain">2nd</mattext>
                </material>
              </response_label>
              <response_label ident="104">
                <material>
                  <mattext texttype="text/plain">3rd</mattext>
                </material>
              </response_label>
              <response_label ident="105">
                <material>
                  <mattext texttype="text/plain">Singular</mattext>
                </material>
              </response_label>
              <response_label ident="106">
                <material>
                  <mattext texttype="text/plain">Plural</mattext>
                </material>
              </response_label>
              <response_label ident="107">
                <material>
                  <mattext texttype="text/plain">Present</mattext>
                </material>
              </response_label>
              <response_label ident="108">
                <material>
                  <mattext texttype="text/plain">Imperfect</mattext>
                </material>
              </response_label>
              <response_label ident="109">
                <material>
                  <mattext texttype="text/plain">Future</mattext>
                </material>
              </response_label>
              <response_label ident="110">
                <material>
                  <mattext texttype="text/plain">Aorist</mattext>
                </material>
              </response_label>
              <response_label ident="111">
                <material>
                  <mattext texttype="text/plain">Perfect</mattext>
                </material>
              </response_label>
              <response_label ident="112">
                <material>
                  <mattext texttype="text/plain">Pluperfect</mattext>
                </material>
              </response_label>
              <response_label ident="113">
                <material>
                  <mattext texttype="text/plain">Active</mattext>
                </material>
              </response_label>
              <response_label ident="114">
                <material>
                  <mattext texttype="text/plain">Middle</mattext>
                </material>
              </response_label>
              <response_label ident="115">
                <material>
                  <mattext texttype="text/plain">Passive</mattext>
                </material>
              </response_label>
              <response_label ident="116">
                <material>
                  <mattext texttype="text/plain">Indicative</mattext>
                </material>
              </response_label>
              <response_label ident="117">
                <material>
                  <mattext texttype="text/plain">Subjunctive</mattext>
                </material>
              </response_label>
              <response_label ident="118">
                <material>
                  <mattext texttype="text/plain">Optative</mattext>
                </material>
              </response_label>
              <response_label ident="119">
                <material>
                  <mattext texttype="text/plain">Imperative</mattext>
                </material>
              </response_label>
              <response_label ident="120">
                <material>
                  <mattext texttype="text/plain">Infinitive</mattext>
                </material>
              </response_label>
            </render_choice>
          </response_lid>
        </presentation>
        <resprocessing>
          <outcomes>
            <decvar maxvalue="100" minvalue="0" varname="SCORE" vartype="Decimal"/>
          </outcomes>
          <respcondition continue="No">
            <conditionvar>
              <and>
                <varequal respident="response1">102</varequal>
                <varequal respident="response1">105</varequal>
                <varequal respident="response1">107</varequal>
                <varequal respident="response1">113</varequal>
                <varequal respident="response1">116</varequal>
                <not>
                  <varequal respident="response1">103</varequal>
                </not>
                <not>
                  <varequal respident="response1">104</varequal>
                </not>
                <not>
                  <varequal respident="response1">106</varequal>
                </not>
                <not>
                  <varequal respident="response1">108</varequal>
                </not>
                <not>
                  <varequal respident="response1">109</varequal>
                </not>
                <not>
                  <varequal respident="response1">110</varequal>
                </not>
                <not>
                  <varequal respident="response1">111</varequal>
                </not>
                <not>
                  <varequal respident="response1">112</varequal>
                </not>
                <not>
                  <varequal respident="response1">114</varequal>
                </not>
                <not>
                  <varequal respident="response1">115</varequal>
                </not>
                <not>
                  <varequal respident="response1">117</varequal>
                </not>
                <not>
                  <varequal respident="response1">118</varequal>
                </not>
                <not>
                  <varequal respident="response1">119</varequal>
                </not>
                <not>
                  <varequal respident="response1">120</varequal>
                </not>
              </and>
            </conditionvar>
            <setvar action="Set" varname="SCORE">100</setvar>
          </respcondition>
        </resprocessing>
      </item>
      <item title="Verb Parsing" ident="601346161bfc6_121">
        <itemmetadata>
          <qtimetadata>
            <qtimetadatafield>
              <fieldlabel>question_type</fieldlabel>
              <fieldentry>multiple_answers_question</fieldentry>
            </qtimetadatafield>
            <qtimetadatafield>
              <fieldlabel>points_possible</fieldlabel>
              <fieldentry>1</fieldentry>
            </qtimetadatafield>
            <qtimetadatafield>
              <fieldlabel>original_answer_ids</fieldlabel>
              <fieldentry>~1st=2nd~3rd=Singular~Plural=Present~Imperfect~Future~Aorist~Perfect~Pluperfect=Active~Middle~Passive=Indicative~Subjunctive~Optative~Imperative~Infinitive</fieldentry>
            </qtimetadatafield>
            <qtimetadatafield>
              <fieldlabel>assessment_question_identifierref</fieldlabel>
              <fieldentry>601346161bfc6_122</fieldentry>
            </qtimetadatafield>
          </qtimetadata>
        </itemmetadata>
        <presentation>
          <material>
            <mattext texttype="text/html">What person, number, tense, voice, and mood is παιδεύεις</mattext>
          </material>
          <response_lid ident="response1" rcardinality="Multiple">
            <render_choice>
              <response_label ident="123">
                <material>
                  <mattext texttype="text/plain">1st</mattext>
                </material>
              </response_label>
              <response_label ident="124">
                <material>
                  <mattext texttype="text/plain">2nd</mattext>
                </material>
              </response_label>
              <response_label ident="125">
                <material>
                  <mattext texttype="text/plain">3rd</mattext>
                </material>
              </response_label>
              <response_label ident="126">
                <material>
                  <mattext texttype="text/plain">Singular</mattext>
                </material>
              </response_label>
              <response_label ident="127">
                <material>
                  <mattext texttype="text/plain">Plural</mattext>
                </material>
              </response_label>
              <response_label ident="128">
                <material>
                  <mattext texttype="text/plain">Present</mattext>
                </material>
              </response_label>
              <response_label ident="129">
                <material>
                  <mattext texttype="text/plain">Imperfect</mattext>
                </material>
              </response_label>
              <response_label ident="130">
                <material>
                  <mattext texttype="text/plain">Future</mattext>
                </material>
              </response_label>
              <response_label ident="131">
                <material>
                  <mattext texttype="text/plain">Aorist</mattext>
                </material>
              </response_label>
              <response_label ident="132">
                <material>
                  <mattext texttype="text/plain">Perfect</mattext>
                </material>
              </response_label>
              <response_label ident="133">
                <material>
                  <mattext texttype="text/plain">Pluperfect</mattext>
                </material>
              </response_label>
              <response_label ident="134">
                <material>
                  <mattext texttype="text/plain">Active</mattext>
                </material>
              </response_label>
              <response_label ident="135">
                <material>
                  <mattext texttype="text/plain">Middle</mattext>
                </material>
              </response_label>
              <response_label ident="136">
                <material>
                  <mattext texttype="text/plain">Passive</mattext>
                </material>
              </response_label>
              <response_label ident="137">
                <material>
                  <mattext texttype="text/plain">Indicative</mattext>
                </material>
              </response_label>
              <response_label ident="138">
                <material>
                  <mattext texttype="text/plain">Subjunctive</mattext>
                </material>
              </response_label>
              <response_label ident="139">
                <material>
                  <mattext texttype="text/plain">Optative</mattext>
                </material>
              </response_label>
              <response_label ident="140">
                <material>
                  <mattext texttype="text/plain">Imperative</mattext>
                </material>
              </response_label>
              <response_label ident="141">
                <material>
                  <mattext texttype="text/plain">Infinitive</mattext>
                </material>
              </response_label>
            </render_choice>
          </response_lid>
        </presentation>
        <resprocessing>
          <outcomes>
            <decvar maxvalue="100" minvalue="0" varname="SCORE" vartype="Decimal"/>
          </outcomes>
          <respcondition continue="No">
            <conditionvar>
              <and>
                <varequal respident="response1">124</varequal>
                <varequal respident="response1">126</varequal>
                <varequal respident="response1">128</varequal>
                <varequal respident="response1">134</varequal>
                <varequal respident="response1">137</varequal>
                <not>
                  <varequal respident="response1">123</varequal>
                </not>
                <not>
                  <varequal respident="response1">125</varequal>
                </not>
                <not>
                  <varequal respident="response1">127</varequal>
                </not>
                <not>
                  <varequal respident="response1">129</varequal>
                </not>
                <not>
                  <varequal respident="response1">130</varequal>
                </not>
                <not>
                  <varequal respident="response1">131</varequal>
                </not>
                <not>
                  <varequal respident="response1">132</varequal>
                </not>
                <not>
                  <varequal respident="response1">133</varequal>
                </not>
                <not>
                  <varequal respident="response1">135</varequal>
                </not>
                <not>
                  <varequal respident="response1">136</varequal>
                </not>
                <not>
                  <varequal respident="response1">138</varequal>
                </not>
                <not>
                  <varequal respident="response1">139</varequal>
                </not>
                <not>
                  <varequal respident="response1">140</varequal>
                </not>
                <not>
                  <varequal respident="response1">141</varequal>
                </not>
              </and>
            </conditionvar>
            <setvar action="Set" varname="SCORE">100</setvar>
          </respcondition>
        </resprocessing>
      </item>
      <item title="Verb Parsing" ident="601346161bfc6_142">
        <itemmetadata>
          <qtimetadata>
            <qtimetadatafield>
              <fieldlabel>question_type</fieldlabel>
              <fieldentry>multiple_answers_question</fieldentry>
            </qtimetadatafield>
            <qtimetadatafield>
              <fieldlabel>points_possible</fieldlabel>
              <fieldentry>1</fieldentry>
            </qtimetadatafield>
            <qtimetadatafield>
              <fieldlabel>original_answer_ids</fieldlabel>
              <fieldentry>~1st~2nd=3rd=Singular~Plural=Present~Imperfect~Future~Aorist~Perfect~Pluperfect=Active~Middle~Passive=Indicative~Subjunctive~Optative~Imperative~Infinitive</fieldentry>
            </qtimetadatafield>
            <qtimetadatafield>
              <fieldlabel>assessment_question_identifierref</fieldlabel>
              <fieldentry>601346161bfc6_143</fieldentry>
            </qtimetadatafield>
          </qtimetadata>
        </itemmetadata>
        <presentation>
          <material>
            <mattext texttype="text/html">What person, number, tense, voice, and mood is παιδεύει</mattext>
          </material>
          <response_lid ident="response1" rcardinality="Multiple">
            <render_choice>
              <response_label ident="144">
                <material>
                  <mattext texttype="text/plain">1st</mattext>
                </material>
              </response_label>
              <response_label ident="145">
                <material>
                  <mattext texttype="text/plain">2nd</mattext>
                </material>
              </response_label>
              <response_label ident="146">
                <material>
                  <mattext texttype="text/plain">3rd</mattext>
                </material>
              </response_label>
              <response_label ident="147">
                <material>
                  <mattext texttype="text/plain">Singular</mattext>
                </material>
              </response_label>
              <response_label ident="148">
                <material>
                  <mattext texttype="text/plain">Plural</mattext>
                </material>
              </response_label>
              <response_label ident="149">
                <material>
                  <mattext texttype="text/plain">Present</mattext>
                </material>
              </response_label>
              <response_label ident="150">
                <material>
                  <mattext texttype="text/plain">Imperfect</mattext>
                </material>
              </response_label>
              <response_label ident="151">
                <material>
                  <mattext texttype="text/plain">Future</mattext>
                </material>
              </response_label>
              <response_label ident="152">
                <material>
                  <mattext texttype="text/plain">Aorist</mattext>
                </material>
              </response_label>
              <response_label ident="153">
                <material>
                  <mattext texttype="text/plain">Perfect</mattext>
                </material>
              </response_label>
              <response_label ident="154">
                <material>
                  <mattext texttype="text/plain">Pluperfect</mattext>
                </material>
              </response_label>
              <response_label ident="155">
                <material>
                  <mattext texttype="text/plain">Active</mattext>
                </material>
              </response_label>
              <response_label ident="156">
                <material>
                  <mattext texttype="text/plain">Middle</mattext>
                </material>
              </response_label>
              <response_label ident="157">
                <material>
                  <mattext texttype="text/plain">Passive</mattext>
                </material>
              </response_label>
              <response_label ident="158">
                <material>
                  <mattext texttype="text/plain">Indicative</mattext>
                </material>
              </response_label>
              <response_label ident="159">
                <material>
                  <mattext texttype="text/plain">Subjunctive</mattext>
                </material>
              </response_label>
              <response_label ident="160">
                <material>
                  <mattext texttype="text/plain">Optative</mattext>
                </material>
              </response_label>
              <response_label ident="161">
                <material>
                  <mattext texttype="text/plain">Imperative</mattext>
                </material>
              </response_label>
              <response_label ident="162">
                <material>
                  <mattext texttype="text/plain">Infinitive</mattext>
                </material>
              </response_label>
            </render_choice>
          </response_lid>
        </presentation>
        <resprocessing>
          <outcomes>
            <decvar maxvalue="100" minvalue="0" varname="SCORE" vartype="Decimal"/>
          </outcomes>
          <respcondition continue="No">
            <conditionvar>
              <and>
                <varequal respident="response1">146</varequal>
                <varequal respident="response1">147</varequal>
                <varequal respident="response1">149</varequal>
                <varequal respident="response1">155</varequal>
                <varequal respident="response1">158</varequal>
                <not>
                  <varequal respident="response1">144</varequal>
                </not>
                <not>
                  <varequal respident="response1">145</varequal>
                </not>
                <not>
                  <varequal respident="response1">148</varequal>
                </not>
                <not>
                  <varequal respident="response1">150</varequal>
                </not>
                <not>
                  <varequal respident="response1">151</varequal>
                </not>
                <not>
                  <varequal respident="response1">152</varequal>
                </not>
                <not>
                  <varequal respident="response1">153</varequal>
                </not>
                <not>
                  <varequal respident="response1">154</varequal>
                </not>
                <not>
                  <varequal respident="response1">156</varequal>
                </not>
                <not>
                  <varequal respident="response1">157</varequal>
                </not>
                <not>
                  <varequal respident="response1">159</varequal>
                </not>
                <not>
                  <varequal respident="response1">160</varequal>
                </not>
                <not>
                  <varequal respident="response1">161</varequal>
                </not>
                <not>
                  <varequal respident="response1">162</varequal>
                </not>
              </and>
            </conditionvar>
            <setvar action="Set" varname="SCORE">100</setvar>
          </respcondition>
        </resprocessing>
      </item>
      <item title="Verb Parsing" ident="601346161bfc6_163">
        <itemmetadata>
          <qtimetadata>
            <qtimetadatafield>
              <fieldlabel>question_type</fieldlabel>
              <fieldentry>multiple_answers_question</fieldentry>
            </qtimetadatafield>
            <qtimetadatafield>
              <fieldlabel>points_possible</fieldlabel>
              <fieldentry>1</fieldentry>
            </qtimetadatafield>
            <qtimetadatafield>
              <fieldlabel>original_answer_ids</fieldlabel>
              <fieldentry>=1st~2nd~3rd~Singular=Plural=Present~Imperfect~Future~Aorist~Perfect~Pluperfect=Active~Middle~Passive=Indicative~Subjunctive~Optative~Imperative~Infinitive</fieldentry>
            </qtimetadatafield>
            <qtimetadatafield>
              <fieldlabel>assessment_question_identifierref</fieldlabel>
              <fieldentry>601346161bfc6_164</fieldentry>
            </qtimetadatafield>
          </qtimetadata>
        </itemmetadata>
        <presentation>
          <material>
            <mattext texttype="text/html">What person, number, tense, voice, and mood is παιδεύομεν</mattext>
          </material>
          <response_lid ident="response1" rcardinality="Multiple">
            <render_choice>
              <response_label ident="165">
                <material>
                  <mattext texttype="text/plain">1st</mattext>
                </material>
              </response_label>
              <response_label ident="166">
                <material>
                  <mattext texttype="text/plain">2nd</mattext>
                </material>
              </response_label>
              <response_label ident="167">
                <material>
                  <mattext texttype="text/plain">3rd</mattext>
                </material>
              </response_label>
              <response_label ident="168">
                <material>
                  <mattext texttype="text/plain">Singular</mattext>
                </material>
              </response_label>
              <response_label ident="169">
                <material>
                  <mattext texttype="text/plain">Plural</mattext>
                </material>
              </response_label>
              <response_label ident="170">
                <material>
                  <mattext texttype="text/plain">Present</mattext>
                </material>
              </response_label>
              <response_label ident="171">
                <material>
                  <mattext texttype="text/plain">Imperfect</mattext>
                </material>
              </response_label>
              <response_label ident="172">
                <material>
                  <mattext texttype="text/plain">Future</mattext>
                </material>
              </response_label>
              <response_label ident="173">
                <material>
                  <mattext texttype="text/plain">Aorist</mattext>
                </material>
              </response_label>
              <response_label ident="174">
                <material>
                  <mattext texttype="text/plain">Perfect</mattext>
                </material>
              </response_label>
              <response_label ident="175">
                <material>
                  <mattext texttype="text/plain">Pluperfect</mattext>
                </material>
              </response_label>
              <response_label ident="176">
                <material>
                  <mattext texttype="text/plain">Active</mattext>
                </material>
              </response_label>
              <response_label ident="177">
                <material>
                  <mattext texttype="text/plain">Middle</mattext>
                </material>
              </response_label>
              <response_label ident="178">
                <material>
                  <mattext texttype="text/plain">Passive</mattext>
                </material>
              </response_label>
              <response_label ident="179">
                <material>
                  <mattext texttype="text/plain">Indicative</mattext>
                </material>
              </response_label>
              <response_label ident="180">
                <material>
                  <mattext texttype="text/plain">Subjunctive</mattext>
                </material>
              </response_label>
              <response_label ident="181">
                <material>
                  <mattext texttype="text/plain">Optative</mattext>
                </material>
              </response_label>
              <response_label ident="182">
                <material>
                  <mattext texttype="text/plain">Imperative</mattext>
                </material>
              </response_label>
              <response_label ident="183">
                <material>
                  <mattext texttype="text/plain">Infinitive</mattext>
                </material>
              </response_label>
            </render_choice>
          </response_lid>
        </presentation>
        <resprocessing>
          <outcomes>
            <decvar maxvalue="100" minvalue="0" varname="SCORE" vartype="Decimal"/>
          </outcomes>
          <respcondition continue="No">
            <conditionvar>
              <and>
                <varequal respident="response1">165</varequal>
                <varequal respident="response1">169</varequal>
                <varequal respident="response1">170</varequal>
                <varequal respident="response1">176</varequal>
                <varequal respident="response1">179</varequal>
                <not>
                  <varequal respident="response1">166</varequal>
                </not>
                <not>
                  <varequal respident="response1">167</varequal>
                </not>
                <not>
                  <varequal respident="response1">168</varequal>
                </not>
                <not>
                  <varequal respident="response1">171</varequal>
                </not>
                <not>
                  <varequal respident="response1">172</varequal>
                </not>
                <not>
                  <varequal respident="response1">173</varequal>
                </not>
                <not>
                  <varequal respident="response1">174</varequal>
                </not>
                <not>
                  <varequal respident="response1">175</varequal>
                </not>
                <not>
                  <varequal respident="response1">177</varequal>
                </not>
                <not>
                  <varequal respident="response1">178</varequal>
                </not>
                <not>
                  <varequal respident="response1">180</varequal>
                </not>
                <not>
                  <varequal respident="response1">181</varequal>
                </not>
                <not>
                  <varequal respident="response1">182</varequal>
                </not>
                <not>
                  <varequal respident="response1">183</varequal>
                </not>
              </and>
            </conditionvar>
            <setvar action="Set" varname="SCORE">100</setvar>
          </respcondition>
        </resprocessing>
      </item>
      <item title="Verb Parsing" ident="601346161bfc6_184">
        <itemmetadata>
          <qtimetadata>
            <qtimetadatafield>
              <fieldlabel>question_type</fieldlabel>
              <fieldentry>multiple_answers_question</fieldentry>
            </qtimetadatafield>
            <qtimetadatafield>
              <fieldlabel>points_possible</fieldlabel>
              <fieldentry>1</fieldentry>
            </qtimetadatafield>
            <qtimetadatafield>
              <fieldlabel>original_answer_ids</fieldlabel>
              <fieldentry>~1st=2nd~3rd~Singular=Plural=Present~Imperfect~Future~Aorist~Perfect~Pluperfect=Active~Middle~Passive=Indicative~Subjunctive~Optative=Imperative~Infinitive</fieldentry>
            </qtimetadatafield>
            <qtimetadatafield>
              <fieldlabel>assessment_question_identifierref</fieldlabel>
              <fieldentry>601346161bfc6_185</fieldentry>
            </qtimetadatafield>
          </qtimetadata>
        </itemmetadata>
        <presentation>
          <material>
            <mattext texttype="text/html">What person, number, tense, voice, and mood is παιδεύετε</mattext>
          </material>
          <response_lid ident="response1" rcardinality="Multiple">
            <render_choice>
              <response_label ident="186">
                <material>
                  <mattext texttype="text/plain">1st</mattext>
                </material>
              </response_label>
              <response_label ident="187">
                <material>
                  <mattext texttype="text/plain">2nd</mattext>
                </material>
              </response_label>
              <response_label ident="188">
                <material>
                  <mattext texttype="text/plain">3rd</mattext>
                </material>
              </response_label>
              <response_label ident="189">
                <material>
                  <mattext texttype="text/plain">Singular</mattext>
                </material>
              </response_label>
              <response_label ident="190">
                <material>
                  <mattext texttype="text/plain">Plural</mattext>
                </material>
              </response_label>
              <response_label ident="191">
                <material>
                  <mattext texttype="text/plain">Present</mattext>
                </material>
              </response_label>
              <response_label ident="192">
                <material>
                  <mattext texttype="text/plain">Imperfect</mattext>
                </material>
              </response_label>
              <response_label ident="193">
                <material>
                  <mattext texttype="text/plain">Future</mattext>
                </material>
              </response_label>
              <response_label ident="194">
                <material>
                  <mattext texttype="text/plain">Aorist</mattext>
                </material>
              </response_label>
              <response_label ident="195">
                <material>
                  <mattext texttype="text/plain">Perfect</mattext>
                </material>
              </response_label>
              <response_label ident="196">
                <material>
                  <mattext texttype="text/plain">Pluperfect</mattext>
                </material>
              </response_label>
              <response_label ident="197">
                <material>
                  <mattext texttype="text/plain">Active</mattext>
                </material>
              </response_label>
              <response_label ident="198">
                <material>
                  <mattext texttype="text/plain">Middle</mattext>
                </material>
              </response_label>
              <response_label ident="199">
                <material>
                  <mattext texttype="text/plain">Passive</mattext>
                </material>
              </response_label>
              <response_label ident="200">
                <material>
                  <mattext texttype="text/plain">Indicative</mattext>
                </material>
              </response_label>
              <response_label ident="201">
                <material>
                  <mattext texttype="text/plain">Subjunctive</mattext>
                </material>
              </response_label>
              <response_label ident="202">
                <material>
                  <mattext texttype="text/plain">Optative</mattext>
                </material>
              </response_label>
              <response_label ident="203">
                <material>
                  <mattext texttype="text/plain">Imperative</mattext>
                </material>
              </response_label>
              <response_label ident="204">
                <material>
                  <mattext texttype="text/plain">Infinitive</mattext>
                </material>
              </response_label>
            </render_choice>
          </response_lid>
        </presentation>
        <resprocessing>
          <outcomes>
            <decvar maxvalue="100" minvalue="0" varname="SCORE" vartype="Decimal"/>
          </outcomes>
          <respcondition continue="No">
            <conditionvar>
              <and>
                <varequal respident="response1">187</varequal>
                <varequal respident="response1">190</varequal>
                <varequal respident="response1">191</varequal>
                <varequal respident="response1">197</varequal>
                <varequal respident="response1">200</varequal>
                <varequal respident="response1">203</varequal>
                <not>
                  <varequal respident="response1">186</varequal>
                </not>
                <not>
                  <varequal respident="response1">188</varequal>
                </not>
                <not>
                  <varequal respident="response1">189</varequal>
                </not>
                <not>
                  <varequal respident="response1">192</varequal>
                </not>
                <not>
                  <varequal respident="response1">193</varequal>
                </not>
                <not>
                  <varequal respident="response1">194</varequal>
                </not>
                <not>
                  <varequal respident="response1">195</varequal>
                </not>
                <not>
                  <varequal respident="response1">196</varequal>
                </not>
                <not>
                  <varequal respident="response1">198</varequal>
                </not>
                <not>
                  <varequal respident="response1">199</varequal>
                </not>
                <not>
                  <varequal respident="response1">201</varequal>
                </not>
                <not>
                  <varequal respident="response1">202</varequal>
                </not>
                <not>
                  <varequal respident="response1">204</varequal>
                </not>
              </and>
            </conditionvar>
            <setvar action="Set" varname="SCORE">100</setvar>
          </respcondition>
        </resprocessing>
      </item>
      <item title="Verb Parsing" ident="601346161bfc6_205">
        <itemmetadata>
          <qtimetadata>
            <qtimetadatafield>
              <fieldlabel>question_type</fieldlabel>
              <fieldentry>multiple_answers_question</fieldentry>
            </qtimetadatafield>
            <qtimetadatafield>
              <fieldlabel>points_possible</fieldlabel>
              <fieldentry>1</fieldentry>
            </qtimetadatafield>
            <qtimetadatafield>
              <fieldlabel>original_answer_ids</fieldlabel>
              <fieldentry>~1st~2nd=3rd~Singular=Plural=Present~Imperfect~Future~Aorist~Perfect~Pluperfect=Active~Middle~Passive=Indicative~Subjunctive~Optative~Imperative~Infinitive</fieldentry>
            </qtimetadatafield>
            <qtimetadatafield>
              <fieldlabel>assessment_question_identifierref</fieldlabel>
              <fieldentry>601346161bfc6_206</fieldentry>
            </qtimetadatafield>
          </qtimetadata>
        </itemmetadata>
        <presentation>
          <material>
            <mattext texttype="text/html">What person, number, tense, voice, and mood is παιδεύουσι(ν)</mattext>
          </material>
          <response_lid ident="response1" rcardinality="Multiple">
            <render_choice>
              <response_label ident="207">
                <material>
                  <mattext texttype="text/plain">1st</mattext>
                </material>
              </response_label>
              <response_label ident="208">
                <material>
                  <mattext texttype="text/plain">2nd</mattext>
                </material>
              </response_label>
              <response_label ident="209">
                <material>
                  <mattext texttype="text/plain">3rd</mattext>
                </material>
              </response_label>
              <response_label ident="210">
                <material>
                  <mattext texttype="text/plain">Singular</mattext>
                </material>
              </response_label>
              <response_label ident="211">
                <material>
                  <mattext texttype="text/plain">Plural</mattext>
                </material>
              </response_label>
              <response_label ident="212">
                <material>
                  <mattext texttype="text/plain">Present</mattext>
                </material>
              </response_label>
              <response_label ident="213">
                <material>
                  <mattext texttype="text/plain">Imperfect</mattext>
                </material>
              </response_label>
              <response_label ident="214">
                <material>
                  <mattext texttype="text/plain">Future</mattext>
                </material>
              </response_label>
              <response_label ident="215">
                <material>
                  <mattext texttype="text/plain">Aorist</mattext>
                </material>
              </response_label>
              <response_label ident="216">
                <material>
                  <mattext texttype="text/plain">Perfect</mattext>
                </material>
              </response_label>
              <response_label ident="217">
                <material>
                  <mattext texttype="text/plain">Pluperfect</mattext>
                </material>
              </response_label>
              <response_label ident="218">
                <material>
                  <mattext texttype="text/plain">Active</mattext>
                </material>
              </response_label>
              <response_label ident="219">
                <material>
                  <mattext texttype="text/plain">Middle</mattext>
                </material>
              </response_label>
              <response_label ident="220">
                <material>
                  <mattext texttype="text/plain">Passive</mattext>
                </material>
              </response_label>
              <response_label ident="221">
                <material>
                  <mattext texttype="text/plain">Indicative</mattext>
                </material>
              </response_label>
              <response_label ident="222">
                <material>
                  <mattext texttype="text/plain">Subjunctive</mattext>
                </material>
              </response_label>
              <response_label ident="223">
                <material>
                  <mattext texttype="text/plain">Optative</mattext>
                </material>
              </response_label>
              <response_label ident="224">
                <material>
                  <mattext texttype="text/plain">Imperative</mattext>
                </material>
              </response_label>
              <response_label ident="225">
                <material>
                  <mattext texttype="text/plain">Infinitive</mattext>
                </material>
              </response_label>
            </render_choice>
          </response_lid>
        </presentation>
        <resprocessing>
          <outcomes>
            <decvar maxvalue="100" minvalue="0" varname="SCORE" vartype="Decimal"/>
          </outcomes>
          <respcondition continue="No">
            <conditionvar>
              <and>
                <varequal respident="response1">209</varequal>
                <varequal respident="response1">211</varequal>
                <varequal respident="response1">212</varequal>
                <varequal respident="response1">218</varequal>
                <varequal respident="response1">221</varequal>
                <not>
                  <varequal respident="response1">207</varequal>
                </not>
                <not>
                  <varequal respident="response1">208</varequal>
                </not>
                <not>
                  <varequal respident="response1">210</varequal>
                </not>
                <not>
                  <varequal respident="response1">213</varequal>
                </not>
                <not>
                  <varequal respident="response1">214</varequal>
                </not>
                <not>
                  <varequal respident="response1">215</varequal>
                </not>
                <not>
                  <varequal respident="response1">216</varequal>
                </not>
                <not>
                  <varequal respident="response1">217</varequal>
                </not>
                <not>
                  <varequal respident="response1">219</varequal>
                </not>
                <not>
                  <varequal respident="response1">220</varequal>
                </not>
                <not>
                  <varequal respident="response1">222</varequal>
                </not>
                <not>
                  <varequal respident="response1">223</varequal>
                </not>
                <not>
                  <varequal respident="response1">224</varequal>
                </not>
                <not>
                  <varequal respident="response1">225</varequal>
                </not>
              </and>
            </conditionvar>
            <setvar action="Set" varname="SCORE">100</setvar>
          </respcondition>
        </resprocessing>
      </item>
      <item title="Verb Parsing" ident="601346161bfc6_226">
        <itemmetadata>
          <qtimetadata>
            <qtimetadatafield>
              <fieldlabel>question_type</fieldlabel>
              <fieldentry>multiple_answers_question</fieldentry>
            </qtimetadatafield>
            <qtimetadatafield>
              <fieldlabel>points_possible</fieldlabel>
              <fieldentry>1</fieldentry>
            </qtimetadatafield>
            <qtimetadatafield>
              <fieldlabel>original_answer_ids</fieldlabel>
              <fieldentry>~1st=2nd~3rd=Singular~Plural=Present~Imperfect~Future~Aorist~Perfect~Pluperfect=Active~Middle~Passive~Indicative~Subjunctive~Optative=Imperative~Infinitive</fieldentry>
            </qtimetadatafield>
            <qtimetadatafield>
              <fieldlabel>assessment_question_identifierref</fieldlabel>
              <fieldentry>601346161bfc6_227</fieldentry>
            </qtimetadatafield>
          </qtimetadata>
        </itemmetadata>
        <presentation>
          <material>
            <mattext texttype="text/html">What person, number, tense, voice, and mood is παίδευε</mattext>
          </material>
          <response_lid ident="response1" rcardinality="Multiple">
            <render_choice>
              <response_label ident="228">
                <material>
                  <mattext texttype="text/plain">1st</mattext>
                </material>
              </response_label>
              <response_label ident="229">
                <material>
                  <mattext texttype="text/plain">2nd</mattext>
                </material>
              </response_label>
              <response_label ident="230">
                <material>
                  <mattext texttype="text/plain">3rd</mattext>
                </material>
              </response_label>
              <response_label ident="231">
                <material>
                  <mattext texttype="text/plain">Singular</mattext>
                </material>
              </response_label>
              <response_label ident="232">
                <material>
                  <mattext texttype="text/plain">Plural</mattext>
                </material>
              </response_label>
              <response_label ident="233">
                <material>
                  <mattext texttype="text/plain">Present</mattext>
                </material>
              </response_label>
              <response_label ident="234">
                <material>
                  <mattext texttype="text/plain">Imperfect</mattext>
                </material>
              </response_label>
              <response_label ident="235">
                <material>
                  <mattext texttype="text/plain">Future</mattext>
                </material>
              </response_label>
              <response_label ident="236">
                <material>
                  <mattext texttype="text/plain">Aorist</mattext>
                </material>
              </response_label>
              <response_label ident="237">
                <material>
                  <mattext texttype="text/plain">Perfect</mattext>
                </material>
              </response_label>
              <response_label ident="238">
                <material>
                  <mattext texttype="text/plain">Pluperfect</mattext>
                </material>
              </response_label>
              <response_label ident="239">
                <material>
                  <mattext texttype="text/plain">Active</mattext>
                </material>
              </response_label>
              <response_label ident="240">
                <material>
                  <mattext texttype="text/plain">Middle</mattext>
                </material>
              </response_label>
              <response_label ident="241">
                <material>
                  <mattext texttype="text/plain">Passive</mattext>
                </material>
              </response_label>
              <response_label ident="242">
                <material>
                  <mattext texttype="text/plain">Indicative</mattext>
                </material>
              </response_label>
              <response_label ident="243">
                <material>
                  <mattext texttype="text/plain">Subjunctive</mattext>
                </material>
              </response_label>
              <response_label ident="244">
                <material>
                  <mattext texttype="text/plain">Optative</mattext>
                </material>
              </response_label>
              <response_label ident="245">
                <material>
                  <mattext texttype="text/plain">Imperative</mattext>
                </material>
              </response_label>
              <response_label ident="246">
                <material>
                  <mattext texttype="text/plain">Infinitive</mattext>
                </material>
              </response_label>
            </render_choice>
          </response_lid>
        </presentation>
        <resprocessing>
          <outcomes>
            <decvar maxvalue="100" minvalue="0" varname="SCORE" vartype="Decimal"/>
          </outcomes>
          <respcondition continue="No">
            <conditionvar>
              <and>
                <varequal respident="response1">229</varequal>
                <varequal respident="response1">231</varequal>
                <varequal respident="response1">233</varequal>
                <varequal respident="response1">239</varequal>
                <varequal respident="response1">245</varequal>
                <not>
                  <varequal respident="response1">228</varequal>
                </not>
                <not>
                  <varequal respident="response1">230</varequal>
                </not>
                <not>
                  <varequal respident="response1">232</varequal>
                </not>
                <not>
                  <varequal respident="response1">234</varequal>
                </not>
                <not>
                  <varequal respident="response1">235</varequal>
                </not>
                <not>
                  <varequal respident="response1">236</varequal>
                </not>
                <not>
                  <varequal respident="response1">237</varequal>
                </not>
                <not>
                  <varequal respident="response1">238</varequal>
                </not>
                <not>
                  <varequal respident="response1">240</varequal>
                </not>
                <not>
                  <varequal respident="response1">241</varequal>
                </not>
                <not>
                  <varequal respident="response1">242</varequal>
                </not>
                <not>
                  <varequal respident="response1">243</varequal>
                </not>
                <not>
                  <varequal respident="response1">244</varequal>
                </not>
                <not>
                  <varequal respident="response1">246</varequal>
                </not>
              </and>
            </conditionvar>
            <setvar action="Set" varname="SCORE">100</setvar>
          </respcondition>
        </resprocessing>
      </item>
      <item title="Verb Parsing" ident="601346161bfc6_247">
        <itemmetadata>
          <qtimetadata>
            <qtimetadatafield>
              <fieldlabel>question_type</fieldlabel>
              <fieldentry>multiple_answers_question</fieldentry>
            </qtimetadatafield>
            <qtimetadatafield>
              <fieldlabel>points_possible</fieldlabel>
              <fieldentry>1</fieldentry>
            </qtimetadatafield>
            <qtimetadatafield>
              <fieldlabel>original_answer_ids</fieldlabel>
              <fieldentry>~1st~2nd=3rd=Singular~Plural=Present~Imperfect~Future~Aorist~Perfect~Pluperfect=Active~Middle~Passive~Indicative~Subjunctive~Optative=Imperative~Infinitive</fieldentry>
            </qtimetadatafield>
            <qtimetadatafield>
              <fieldlabel>assessment_question_identifierref</fieldlabel>
              <fieldentry>601346161bfc6_248</fieldentry>
            </qtimetadatafield>
          </qtimetadata>
        </itemmetadata>
        <presentation>
          <material>
            <mattext texttype="text/html">What person, number, tense, voice, and mood is παιδευέτω</mattext>
          </material>
          <response_lid ident="response1" rcardinality="Multiple">
            <render_choice>
              <response_label ident="249">
                <material>
                  <mattext texttype="text/plain">1st</mattext>
                </material>
              </response_label>
              <response_label ident="250">
                <material>
                  <mattext texttype="text/plain">2nd</mattext>
                </material>
              </response_label>
              <response_label ident="251">
                <material>
                  <mattext texttype="text/plain">3rd</mattext>
                </material>
              </response_label>
              <response_label ident="252">
                <material>
                  <mattext texttype="text/plain">Singular</mattext>
                </material>
              </response_label>
              <response_label ident="253">
                <material>
                  <mattext texttype="text/plain">Plural</mattext>
                </material>
              </response_label>
              <response_label ident="254">
                <material>
                  <mattext texttype="text/plain">Present</mattext>
                </material>
              </response_label>
              <response_label ident="255">
                <material>
                  <mattext texttype="text/plain">Imperfect</mattext>
                </material>
              </response_label>
              <response_label ident="256">
                <material>
                  <mattext texttype="text/plain">Future</mattext>
                </material>
              </response_label>
              <response_label ident="257">
                <material>
                  <mattext texttype="text/plain">Aorist</mattext>
                </material>
              </response_label>
              <response_label ident="258">
                <material>
                  <mattext texttype="text/plain">Perfect</mattext>
                </material>
              </response_label>
              <response_label ident="259">
                <material>
                  <mattext texttype="text/plain">Pluperfect</mattext>
                </material>
              </response_label>
              <response_label ident="260">
                <material>
                  <mattext texttype="text/plain">Active</mattext>
                </material>
              </response_label>
              <response_label ident="261">
                <material>
                  <mattext texttype="text/plain">Middle</mattext>
                </material>
              </response_label>
              <response_label ident="262">
                <material>
                  <mattext texttype="text/plain">Passive</mattext>
                </material>
              </response_label>
              <response_label ident="263">
                <material>
                  <mattext texttype="text/plain">Indicative</mattext>
                </material>
              </response_label>
              <response_label ident="264">
                <material>
                  <mattext texttype="text/plain">Subjunctive</mattext>
                </material>
              </response_label>
              <response_label ident="265">
                <material>
                  <mattext texttype="text/plain">Optative</mattext>
                </material>
              </response_label>
              <response_label ident="266">
                <material>
                  <mattext texttype="text/plain">Imperative</mattext>
                </material>
              </response_label>
              <response_label ident="267">
                <material>
                  <mattext texttype="text/plain">Infinitive</mattext>
                </material>
              </response_label>
            </render_choice>
          </response_lid>
        </presentation>
        <resprocessing>
          <outcomes>
            <decvar maxvalue="100" minvalue="0" varname="SCORE" vartype="Decimal"/>
          </outcomes>
          <respcondition continue="No">
            <conditionvar>
              <and>
                <varequal respident="response1">251</varequal>
                <varequal respident="response1">252</varequal>
                <varequal respident="response1">254</varequal>
                <varequal respident="response1">260</varequal>
                <varequal respident="response1">266</varequal>
                <not>
                  <varequal respident="response1">249</varequal>
                </not>
                <not>
                  <varequal respident="response1">250</varequal>
                </not>
                <not>
                  <varequal respident="response1">253</varequal>
                </not>
                <not>
                  <varequal respident="response1">255</varequal>
                </not>
                <not>
                  <varequal respident="response1">256</varequal>
                </not>
                <not>
                  <varequal respident="response1">257</varequal>
                </not>
                <not>
                  <varequal respident="response1">258</varequal>
                </not>
                <not>
                  <varequal respident="response1">259</varequal>
                </not>
                <not>
                  <varequal respident="response1">261</varequal>
                </not>
                <not>
                  <varequal respident="response1">262</varequal>
                </not>
                <not>
                  <varequal respident="response1">263</varequal>
                </not>
                <not>
                  <varequal respident="response1">264</varequal>
                </not>
                <not>
                  <varequal respident="response1">265</varequal>
                </not>
                <not>
                  <varequal respident="response1">267</varequal>
                </not>
              </and>
            </conditionvar>
            <setvar action="Set" varname="SCORE">100</setvar>
          </respcondition>
        </resprocessing>
      </item>
      <item title="Verb Parsing" ident="601346161bfc6_268">
        <itemmetadata>
          <qtimetadata>
            <qtimetadatafield>
              <fieldlabel>question_type</fieldlabel>
              <fieldentry>multiple_answers_question</fieldentry>
            </qtimetadatafield>
            <qtimetadatafield>
              <fieldlabel>points_possible</fieldlabel>
              <fieldentry>1</fieldentry>
            </qtimetadatafield>
            <qtimetadatafield>
              <fieldlabel>original_answer_ids</fieldlabel>
              <fieldentry>~1st=2nd~3rd~Singular=Plural=Present~Imperfect~Future~Aorist~Perfect~Pluperfect=Active~Middle~Passive=Indicative~Subjunctive~Optative=Imperative~Infinitive</fieldentry>
            </qtimetadatafield>
            <qtimetadatafield>
              <fieldlabel>assessment_question_identifierref</fieldlabel>
              <fieldentry>601346161bfc6_269</fieldentry>
            </qtimetadatafield>
          </qtimetadata>
        </itemmetadata>
        <presentation>
          <material>
            <mattext texttype="text/html">What person, number, tense, voice, and mood is παιδεύετε</mattext>
          </material>
          <response_lid ident="response1" rcardinality="Multiple">
            <render_choice>
              <response_label ident="270">
                <material>
                  <mattext texttype="text/plain">1st</mattext>
                </material>
              </response_label>
              <response_label ident="271">
                <material>
                  <mattext texttype="text/plain">2nd</mattext>
                </material>
              </response_label>
              <response_label ident="272">
                <material>
                  <mattext texttype="text/plain">3rd</mattext>
                </material>
              </response_label>
              <response_label ident="273">
                <material>
                  <mattext texttype="text/plain">Singular</mattext>
                </material>
              </response_label>
              <response_label ident="274">
                <material>
                  <mattext texttype="text/plain">Plural</mattext>
                </material>
              </response_label>
              <response_label ident="275">
                <material>
                  <mattext texttype="text/plain">Present</mattext>
                </material>
              </response_label>
              <response_label ident="276">
                <material>
                  <mattext texttype="text/plain">Imperfect</mattext>
                </material>
              </response_label>
              <response_label ident="277">
                <material>
                  <mattext texttype="text/plain">Future</mattext>
                </material>
              </response_label>
              <response_label ident="278">
                <material>
                  <mattext texttype="text/plain">Aorist</mattext>
                </material>
              </response_label>
              <response_label ident="279">
                <material>
                  <mattext texttype="text/plain">Perfect</mattext>
                </material>
              </response_label>
              <response_label ident="280">
                <material>
                  <mattext texttype="text/plain">Pluperfect</mattext>
                </material>
              </response_label>
              <response_label ident="281">
                <material>
                  <mattext texttype="text/plain">Active</mattext>
                </material>
              </response_label>
              <response_label ident="282">
                <material>
                  <mattext texttype="text/plain">Middle</mattext>
                </material>
              </response_label>
              <response_label ident="283">
                <material>
                  <mattext texttype="text/plain">Passive</mattext>
                </material>
              </response_label>
              <response_label ident="284">
                <material>
                  <mattext texttype="text/plain">Indicative</mattext>
                </material>
              </response_label>
              <response_label ident="285">
                <material>
                  <mattext texttype="text/plain">Subjunctive</mattext>
                </material>
              </response_label>
              <response_label ident="286">
                <material>
                  <mattext texttype="text/plain">Optative</mattext>
                </material>
              </response_label>
              <response_label ident="287">
                <material>
                  <mattext texttype="text/plain">Imperative</mattext>
                </material>
              </response_label>
              <response_label ident="288">
                <material>
                  <mattext texttype="text/plain">Infinitive</mattext>
                </material>
              </response_label>
            </render_choice>
          </response_lid>
        </presentation>
        <resprocessing>
          <outcomes>
            <decvar maxvalue="100" minvalue="0" varname="SCORE" vartype="Decimal"/>
          </outcomes>
          <respcondition continue="No">
            <conditionvar>
              <and>
                <varequal respident="response1">271</varequal>
                <varequal respident="response1">274</varequal>
                <varequal respident="response1">275</varequal>
                <varequal respident="response1">281</varequal>
                <varequal respident="response1">284</varequal>
                <varequal respident="response1">287</varequal>
                <not>
                  <varequal respident="response1">270</varequal>
                </not>
                <not>
                  <varequal respident="response1">272</varequal>
                </not>
                <not>
                  <varequal respident="response1">273</varequal>
                </not>
                <not>
                  <varequal respident="response1">276</varequal>
                </not>
                <not>
                  <varequal respident="response1">277</varequal>
                </not>
                <not>
                  <varequal respident="response1">278</varequal>
                </not>
                <not>
                  <varequal respident="response1">279</varequal>
                </not>
                <not>
                  <varequal respident="response1">280</varequal>
                </not>
                <not>
                  <varequal respident="response1">282</varequal>
                </not>
                <not>
                  <varequal respident="response1">283</varequal>
                </not>
                <not>
                  <varequal respident="response1">285</varequal>
                </not>
                <not>
                  <varequal respident="response1">286</varequal>
                </not>
                <not>
                  <varequal respident="response1">288</varequal>
                </not>
              </and>
            </conditionvar>
            <setvar action="Set" varname="SCORE">100</setvar>
          </respcondition>
        </resprocessing>
      </item>
      <item title="Verb Parsing" ident="601346161bfc6_289">
        <itemmetadata>
          <qtimetadata>
            <qtimetadatafield>
              <fieldlabel>question_type</fieldlabel>
              <fieldentry>multiple_answers_question</fieldentry>
            </qtimetadatafield>
            <qtimetadatafield>
              <fieldlabel>points_possible</fieldlabel>
              <fieldentry>1</fieldentry>
            </qtimetadatafield>
            <qtimetadatafield>
              <fieldlabel>original_answer_ids</fieldlabel>
              <fieldentry>~1st~2nd=3rd~Singular=Plural=Present~Imperfect~Future~Aorist~Perfect~Pluperfect=Active~Middle~Passive~Indicative~Subjunctive~Optative=Imperative~Infinitive</fieldentry>
            </qtimetadatafield>
            <qtimetadatafield>
              <fieldlabel>assessment_question_identifierref</fieldlabel>
              <fieldentry>601346161bfc6_290</fieldentry>
            </qtimetadatafield>
          </qtimetadata>
        </itemmetadata>
        <presentation>
          <material>
            <mattext texttype="text/html">What person, number, tense, voice, and mood is παιδευόντων</mattext>
          </material>
          <response_lid ident="response1" rcardinality="Multiple">
            <render_choice>
              <response_label ident="291">
                <material>
                  <mattext texttype="text/plain">1st</mattext>
                </material>
              </response_label>
              <response_label ident="292">
                <material>
                  <mattext texttype="text/plain">2nd</mattext>
                </material>
              </response_label>
              <response_label ident="293">
                <material>
                  <mattext texttype="text/plain">3rd</mattext>
                </material>
              </response_label>
              <response_label ident="294">
                <material>
                  <mattext texttype="text/plain">Singular</mattext>
                </material>
              </response_label>
              <response_label ident="295">
                <material>
                  <mattext texttype="text/plain">Plural</mattext>
                </material>
              </response_label>
              <response_label ident="296">
                <material>
                  <mattext texttype="text/plain">Present</mattext>
                </material>
              </response_label>
              <response_label ident="297">
                <material>
                  <mattext texttype="text/plain">Imperfect</mattext>
                </material>
              </response_label>
              <response_label ident="298">
                <material>
                  <mattext texttype="text/plain">Future</mattext>
                </material>
              </response_label>
              <response_label ident="299">
                <material>
                  <mattext texttype="text/plain">Aorist</mattext>
                </material>
              </response_label>
              <response_label ident="300">
                <material>
                  <mattext texttype="text/plain">Perfect</mattext>
                </material>
              </response_label>
              <response_label ident="301">
                <material>
                  <mattext texttype="text/plain">Pluperfect</mattext>
                </material>
              </response_label>
              <response_label ident="302">
                <material>
                  <mattext texttype="text/plain">Active</mattext>
                </material>
              </response_label>
              <response_label ident="303">
                <material>
                  <mattext texttype="text/plain">Middle</mattext>
                </material>
              </response_label>
              <response_label ident="304">
                <material>
                  <mattext texttype="text/plain">Passive</mattext>
                </material>
              </response_label>
              <response_label ident="305">
                <material>
                  <mattext texttype="text/plain">Indicative</mattext>
                </material>
              </response_label>
              <response_label ident="306">
                <material>
                  <mattext texttype="text/plain">Subjunctive</mattext>
                </material>
              </response_label>
              <response_label ident="307">
                <material>
                  <mattext texttype="text/plain">Optative</mattext>
                </material>
              </response_label>
              <response_label ident="308">
                <material>
                  <mattext texttype="text/plain">Imperative</mattext>
                </material>
              </response_label>
              <response_label ident="309">
                <material>
                  <mattext texttype="text/plain">Infinitive</mattext>
                </material>
              </response_label>
            </render_choice>
          </response_lid>
        </presentation>
        <resprocessing>
          <outcomes>
            <decvar maxvalue="100" minvalue="0" varname="SCORE" vartype="Decimal"/>
          </outcomes>
          <respcondition continue="No">
            <conditionvar>
              <and>
                <varequal respident="response1">293</varequal>
                <varequal respident="response1">295</varequal>
                <varequal respident="response1">296</varequal>
                <varequal respident="response1">302</varequal>
                <varequal respident="response1">308</varequal>
                <not>
                  <varequal respident="response1">291</varequal>
                </not>
                <not>
                  <varequal respident="response1">292</varequal>
                </not>
                <not>
                  <varequal respident="response1">294</varequal>
                </not>
                <not>
                  <varequal respident="response1">297</varequal>
                </not>
                <not>
                  <varequal respident="response1">298</varequal>
                </not>
                <not>
                  <varequal respident="response1">299</varequal>
                </not>
                <not>
                  <varequal respident="response1">300</varequal>
                </not>
                <not>
                  <varequal respident="response1">301</varequal>
                </not>
                <not>
                  <varequal respident="response1">303</varequal>
                </not>
                <not>
                  <varequal respident="response1">304</varequal>
                </not>
                <not>
                  <varequal respident="response1">305</varequal>
                </not>
                <not>
                  <varequal respident="response1">306</varequal>
                </not>
                <not>
                  <varequal respident="response1">307</varequal>
                </not>
                <not>
                  <varequal respident="response1">309</varequal>
                </not>
              </and>
            </conditionvar>
            <setvar action="Set" varname="SCORE">100</setvar>
          </respcondition>
        </resprocessing>
      </item>
      <item title="Verb Parsing" ident="601346161bfc6_310">
        <itemmetadata>
          <qtimetadata>
            <qtimetadatafield>
              <fieldlabel>question_type</fieldlabel>
              <fieldentry>multiple_answers_question</fieldentry>
            </qtimetadatafield>
            <qtimetadatafield>
              <fieldlabel>points_possible</fieldlabel>
              <fieldentry>1</fieldentry>
            </qtimetadatafield>
            <qtimetadatafield>
              <fieldlabel>original_answer_ids</fieldlabel>
              <fieldentry>~1st~2nd~3rd~Singular~Plural=Present~Imperfect~Future~Aorist~Perfect~Pluperfect=Active~Middle~Passive~Indicative~Subjunctive~Optative~Imperative=Infinitive</fieldentry>
            </qtimetadatafield>
            <qtimetadatafield>
              <fieldlabel>assessment_question_identifierref</fieldlabel>
              <fieldentry>601346161bfc6_311</fieldentry>
            </qtimetadatafield>
          </qtimetadata>
        </itemmetadata>
        <presentation>
          <material>
            <mattext texttype="text/html">What person, number, tense, voice, and mood is παιδεύειν</mattext>
          </material>
          <response_lid ident="response1" rcardinality="Multiple">
            <render_choice>
              <response_label ident="312">
                <material>
                  <mattext texttype="text/plain">1st</mattext>
                </material>
              </response_label>
              <response_label ident="313">
                <material>
                  <mattext texttype="text/plain">2nd</mattext>
                </material>
              </response_label>
              <response_label ident="314">
                <material>
                  <mattext texttype="text/plain">3rd</mattext>
                </material>
              </response_label>
              <response_label ident="315">
                <material>
                  <mattext texttype="text/plain">Singular</mattext>
                </material>
              </response_label>
              <response_label ident="316">
                <material>
                  <mattext texttype="text/plain">Plural</mattext>
                </material>
              </response_label>
              <response_label ident="317">
                <material>
                  <mattext texttype="text/plain">Present</mattext>
                </material>
              </response_label>
              <response_label ident="318">
                <material>
                  <mattext texttype="text/plain">Imperfect</mattext>
                </material>
              </response_label>
              <response_label ident="319">
                <material>
                  <mattext texttype="text/plain">Future</mattext>
                </material>
              </response_label>
              <response_label ident="320">
                <material>
                  <mattext texttype="text/plain">Aorist</mattext>
                </material>
              </response_label>
              <response_label ident="321">
                <material>
                  <mattext texttype="text/plain">Perfect</mattext>
                </material>
              </response_label>
              <response_label ident="322">
                <material>
                  <mattext texttype="text/plain">Pluperfect</mattext>
                </material>
              </response_label>
              <response_label ident="323">
                <material>
                  <mattext texttype="text/plain">Active</mattext>
                </material>
              </response_label>
              <response_label ident="324">
                <material>
                  <mattext texttype="text/plain">Middle</mattext>
                </material>
              </response_label>
              <response_label ident="325">
                <material>
                  <mattext texttype="text/plain">Passive</mattext>
                </material>
              </response_label>
              <response_label ident="326">
                <material>
                  <mattext texttype="text/plain">Indicative</mattext>
                </material>
              </response_label>
              <response_label ident="327">
                <material>
                  <mattext texttype="text/plain">Subjunctive</mattext>
                </material>
              </response_label>
              <response_label ident="328">
                <material>
                  <mattext texttype="text/plain">Optative</mattext>
                </material>
              </response_label>
              <response_label ident="329">
                <material>
                  <mattext texttype="text/plain">Imperative</mattext>
                </material>
              </response_label>
              <response_label ident="330">
                <material>
                  <mattext texttype="text/plain">Infinitive</mattext>
                </material>
              </response_label>
            </render_choice>
          </response_lid>
        </presentation>
        <resprocessing>
          <outcomes>
            <decvar maxvalue="100" minvalue="0" varname="SCORE" vartype="Decimal"/>
          </outcomes>
          <respcondition continue="No">
            <conditionvar>
              <and>
                <varequal respident="response1">317</varequal>
                <varequal respident="response1">323</varequal>
                <varequal respident="response1">330</varequal>
                <not>
                  <varequal respident="response1">312</varequal>
                </not>
                <not>
                  <varequal respident="response1">313</varequal>
                </not>
                <not>
                  <varequal respident="response1">314</varequal>
                </not>
                <not>
                  <varequal respident="response1">315</varequal>
                </not>
                <not>
                  <varequal respident="response1">316</varequal>
                </not>
                <not>
                  <varequal respident="response1">318</varequal>
                </not>
                <not>
                  <varequal respident="response1">319</varequal>
                </not>
                <not>
                  <varequal respident="response1">320</varequal>
                </not>
                <not>
                  <varequal respident="response1">321</varequal>
                </not>
                <not>
                  <varequal respident="response1">322</varequal>
                </not>
                <not>
                  <varequal respident="response1">324</varequal>
                </not>
                <not>
                  <varequal respident="response1">325</varequal>
                </not>
                <not>
                  <varequal respident="response1">326</varequal>
                </not>
                <not>
                  <varequal respident="response1">327</varequal>
                </not>
                <not>
                  <varequal respident="response1">328</varequal>
                </not>
                <not>
                  <varequal respident="response1">329</varequal>
                </not>
              </and>
            </conditionvar>
            <setvar action="Set" varname="SCORE">100</setvar>
          </respcondition>
        </resprocessing>
      </item>
    </section>
  </assessment>
</questestinterop>
