<?xml version="1.0" encoding="UTF-8"?>
<questestinterop xmlns="http://www.imsglobal.org/xsd/ims_qtiasiv1p2" xmlns:xsi="http://www.w3.org/2001/XMLSchema-instance" xsi:schemaLocation="http://www.imsglobal.org/xsd/ims_qtiasiv1p2 http://www.imsglobal.org/xsd/ims_qtiasiv1p2p1.xsd">
  <assessment ident="5ffe6940a69fe" title="Lesson 9 Noun Parsing">
    <section ident="root_section">
      <item title="Noun Parsing" ident="5ffe6940a69fe_100">
        <itemmetadata>
          <qtimetadata>
            <qtimetadatafield>
              <fieldlabel>question_type</fieldlabel>
              <fieldentry>multiple_answers_question</fieldentry>
            </qtimetadatafield>
            <qtimetadatafield>
              <fieldlabel>points_possible</fieldlabel>
              <fieldentry>1</fieldentry>
            </qtimetadatafield>
            <qtimetadatafield>
              <fieldlabel>original_answer_ids</fieldlabel>
              <fieldentry>=Nominative~Genitive~Dative~Accusative~Vocative=Singular~Plural</fieldentry>
            </qtimetadatafield>
            <qtimetadatafield>
              <fieldlabel>assessment_question_identifierref</fieldlabel>
              <fieldentry>5ffe6940a69fe_101</fieldentry>
            </qtimetadatafield>
          </qtimetadata>
        </itemmetadata>
        <presentation>
          <material>
            <mattext texttype="text/html">What case and number is μαθητής</mattext>
          </material>
          <response_lid ident="response1" rcardinality="Multiple">
            <render_choice>
              <response_label ident="102">
                <material>
                  <mattext texttype="text/plain">Nominative</mattext>
                </material>
              </response_label>
              <response_label ident="103">
                <material>
                  <mattext texttype="text/plain">Genitive</mattext>
                </material>
              </response_label>
              <response_label ident="104">
                <material>
                  <mattext texttype="text/plain">Dative</mattext>
                </material>
              </response_label>
              <response_label ident="105">
                <material>
                  <mattext texttype="text/plain">Accusative</mattext>
                </material>
              </response_label>
              <response_label ident="106">
                <material>
                  <mattext texttype="text/plain">Vocative</mattext>
                </material>
              </response_label>
              <response_label ident="107">
                <material>
                  <mattext texttype="text/plain">Singular</mattext>
                </material>
              </response_label>
              <response_label ident="108">
                <material>
                  <mattext texttype="text/plain">Plural</mattext>
                </material>
              </response_label>
            </render_choice>
          </response_lid>
        </presentation>
        <resprocessing>
          <outcomes>
            <decvar maxvalue="100" minvalue="0" varname="SCORE" vartype="Decimal"/>
          </outcomes>
          <respcondition continue="No">
            <conditionvar>
              <and>
                <varequal respident="response1">102</varequal>
                <varequal respident="response1">107</varequal>
                <not>
                  <varequal respident="response1">103</varequal>
                </not>
                <not>
                  <varequal respident="response1">104</varequal>
                </not>
                <not>
                  <varequal respident="response1">105</varequal>
                </not>
                <not>
                  <varequal respident="response1">106</varequal>
                </not>
                <not>
                  <varequal respident="response1">108</varequal>
                </not>
              </and>
            </conditionvar>
            <setvar action="Set" varname="SCORE">100</setvar>
          </respcondition>
        </resprocessing>
      </item>
      <item title="Noun Parsing" ident="5ffe6940a69fe_109">
        <itemmetadata>
          <qtimetadata>
            <qtimetadatafield>
              <fieldlabel>question_type</fieldlabel>
              <fieldentry>multiple_answers_question</fieldentry>
            </qtimetadatafield>
            <qtimetadatafield>
              <fieldlabel>points_possible</fieldlabel>
              <fieldentry>1</fieldentry>
            </qtimetadatafield>
            <qtimetadatafield>
              <fieldlabel>original_answer_ids</fieldlabel>
              <fieldentry>~Nominative~Genitive~Dative~Accusative=Vocative=Singular~Plural</fieldentry>
            </qtimetadatafield>
            <qtimetadatafield>
              <fieldlabel>assessment_question_identifierref</fieldlabel>
              <fieldentry>5ffe6940a69fe_110</fieldentry>
            </qtimetadatafield>
          </qtimetadata>
        </itemmetadata>
        <presentation>
          <material>
            <mattext texttype="text/html">What case and number is μαθητά</mattext>
          </material>
          <response_lid ident="response1" rcardinality="Multiple">
            <render_choice>
              <response_label ident="111">
                <material>
                  <mattext texttype="text/plain">Nominative</mattext>
                </material>
              </response_label>
              <response_label ident="112">
                <material>
                  <mattext texttype="text/plain">Genitive</mattext>
                </material>
              </response_label>
              <response_label ident="113">
                <material>
                  <mattext texttype="text/plain">Dative</mattext>
                </material>
              </response_label>
              <response_label ident="114">
                <material>
                  <mattext texttype="text/plain">Accusative</mattext>
                </material>
              </response_label>
              <response_label ident="115">
                <material>
                  <mattext texttype="text/plain">Vocative</mattext>
                </material>
              </response_label>
              <response_label ident="116">
                <material>
                  <mattext texttype="text/plain">Singular</mattext>
                </material>
              </response_label>
              <response_label ident="117">
                <material>
                  <mattext texttype="text/plain">Plural</mattext>
                </material>
              </response_label>
            </render_choice>
          </response_lid>
        </presentation>
        <resprocessing>
          <outcomes>
            <decvar maxvalue="100" minvalue="0" varname="SCORE" vartype="Decimal"/>
          </outcomes>
          <respcondition continue="No">
            <conditionvar>
              <and>
                <varequal respident="response1">115</varequal>
                <varequal respident="response1">116</varequal>
                <not>
                  <varequal respident="response1">111</varequal>
                </not>
                <not>
                  <varequal respident="response1">112</varequal>
                </not>
                <not>
                  <varequal respident="response1">113</varequal>
                </not>
                <not>
                  <varequal respident="response1">114</varequal>
                </not>
                <not>
                  <varequal respident="response1">117</varequal>
                </not>
              </and>
            </conditionvar>
            <setvar action="Set" varname="SCORE">100</setvar>
          </respcondition>
        </resprocessing>
      </item>
      <item title="Noun Parsing" ident="5ffe6940a69fe_118">
        <itemmetadata>
          <qtimetadata>
            <qtimetadatafield>
              <fieldlabel>question_type</fieldlabel>
              <fieldentry>multiple_answers_question</fieldentry>
            </qtimetadatafield>
            <qtimetadatafield>
              <fieldlabel>points_possible</fieldlabel>
              <fieldentry>1</fieldentry>
            </qtimetadatafield>
            <qtimetadatafield>
              <fieldlabel>original_answer_ids</fieldlabel>
              <fieldentry>~Nominative=Genitive~Dative~Accusative~Vocative=Singular~Plural</fieldentry>
            </qtimetadatafield>
            <qtimetadatafield>
              <fieldlabel>assessment_question_identifierref</fieldlabel>
              <fieldentry>5ffe6940a69fe_119</fieldentry>
            </qtimetadatafield>
          </qtimetadata>
        </itemmetadata>
        <presentation>
          <material>
            <mattext texttype="text/html">What case and number is μαθητοῦ</mattext>
          </material>
          <response_lid ident="response1" rcardinality="Multiple">
            <render_choice>
              <response_label ident="120">
                <material>
                  <mattext texttype="text/plain">Nominative</mattext>
                </material>
              </response_label>
              <response_label ident="121">
                <material>
                  <mattext texttype="text/plain">Genitive</mattext>
                </material>
              </response_label>
              <response_label ident="122">
                <material>
                  <mattext texttype="text/plain">Dative</mattext>
                </material>
              </response_label>
              <response_label ident="123">
                <material>
                  <mattext texttype="text/plain">Accusative</mattext>
                </material>
              </response_label>
              <response_label ident="124">
                <material>
                  <mattext texttype="text/plain">Vocative</mattext>
                </material>
              </response_label>
              <response_label ident="125">
                <material>
                  <mattext texttype="text/plain">Singular</mattext>
                </material>
              </response_label>
              <response_label ident="126">
                <material>
                  <mattext texttype="text/plain">Plural</mattext>
                </material>
              </response_label>
            </render_choice>
          </response_lid>
        </presentation>
        <resprocessing>
          <outcomes>
            <decvar maxvalue="100" minvalue="0" varname="SCORE" vartype="Decimal"/>
          </outcomes>
          <respcondition continue="No">
            <conditionvar>
              <and>
                <varequal respident="response1">121</varequal>
                <varequal respident="response1">125</varequal>
                <not>
                  <varequal respident="response1">120</varequal>
                </not>
                <not>
                  <varequal respident="response1">122</varequal>
                </not>
                <not>
                  <varequal respident="response1">123</varequal>
                </not>
                <not>
                  <varequal respident="response1">124</varequal>
                </not>
                <not>
                  <varequal respident="response1">126</varequal>
                </not>
              </and>
            </conditionvar>
            <setvar action="Set" varname="SCORE">100</setvar>
          </respcondition>
        </resprocessing>
      </item>
      <item title="Noun Parsing" ident="5ffe6940a69fe_127">
        <itemmetadata>
          <qtimetadata>
            <qtimetadatafield>
              <fieldlabel>question_type</fieldlabel>
              <fieldentry>multiple_answers_question</fieldentry>
            </qtimetadatafield>
            <qtimetadatafield>
              <fieldlabel>points_possible</fieldlabel>
              <fieldentry>1</fieldentry>
            </qtimetadatafield>
            <qtimetadatafield>
              <fieldlabel>original_answer_ids</fieldlabel>
              <fieldentry>~Nominative~Genitive=Dative~Accusative~Vocative=Singular~Plural</fieldentry>
            </qtimetadatafield>
            <qtimetadatafield>
              <fieldlabel>assessment_question_identifierref</fieldlabel>
              <fieldentry>5ffe6940a69fe_128</fieldentry>
            </qtimetadatafield>
          </qtimetadata>
        </itemmetadata>
        <presentation>
          <material>
            <mattext texttype="text/html">What case and number is μαθητῇ</mattext>
          </material>
          <response_lid ident="response1" rcardinality="Multiple">
            <render_choice>
              <response_label ident="129">
                <material>
                  <mattext texttype="text/plain">Nominative</mattext>
                </material>
              </response_label>
              <response_label ident="130">
                <material>
                  <mattext texttype="text/plain">Genitive</mattext>
                </material>
              </response_label>
              <response_label ident="131">
                <material>
                  <mattext texttype="text/plain">Dative</mattext>
                </material>
              </response_label>
              <response_label ident="132">
                <material>
                  <mattext texttype="text/plain">Accusative</mattext>
                </material>
              </response_label>
              <response_label ident="133">
                <material>
                  <mattext texttype="text/plain">Vocative</mattext>
                </material>
              </response_label>
              <response_label ident="134">
                <material>
                  <mattext texttype="text/plain">Singular</mattext>
                </material>
              </response_label>
              <response_label ident="135">
                <material>
                  <mattext texttype="text/plain">Plural</mattext>
                </material>
              </response_label>
            </render_choice>
          </response_lid>
        </presentation>
        <resprocessing>
          <outcomes>
            <decvar maxvalue="100" minvalue="0" varname="SCORE" vartype="Decimal"/>
          </outcomes>
          <respcondition continue="No">
            <conditionvar>
              <and>
                <varequal respident="response1">131</varequal>
                <varequal respident="response1">134</varequal>
                <not>
                  <varequal respident="response1">129</varequal>
                </not>
                <not>
                  <varequal respident="response1">130</varequal>
                </not>
                <not>
                  <varequal respident="response1">132</varequal>
                </not>
                <not>
                  <varequal respident="response1">133</varequal>
                </not>
                <not>
                  <varequal respident="response1">135</varequal>
                </not>
              </and>
            </conditionvar>
            <setvar action="Set" varname="SCORE">100</setvar>
          </respcondition>
        </resprocessing>
      </item>
      <item title="Noun Parsing" ident="5ffe6940a69fe_136">
        <itemmetadata>
          <qtimetadata>
            <qtimetadatafield>
              <fieldlabel>question_type</fieldlabel>
              <fieldentry>multiple_answers_question</fieldentry>
            </qtimetadatafield>
            <qtimetadatafield>
              <fieldlabel>points_possible</fieldlabel>
              <fieldentry>1</fieldentry>
            </qtimetadatafield>
            <qtimetadatafield>
              <fieldlabel>original_answer_ids</fieldlabel>
              <fieldentry>~Nominative~Genitive~Dative=Accusative~Vocative=Singular~Plural</fieldentry>
            </qtimetadatafield>
            <qtimetadatafield>
              <fieldlabel>assessment_question_identifierref</fieldlabel>
              <fieldentry>5ffe6940a69fe_137</fieldentry>
            </qtimetadatafield>
          </qtimetadata>
        </itemmetadata>
        <presentation>
          <material>
            <mattext texttype="text/html">What case and number is μαθητήν</mattext>
          </material>
          <response_lid ident="response1" rcardinality="Multiple">
            <render_choice>
              <response_label ident="138">
                <material>
                  <mattext texttype="text/plain">Nominative</mattext>
                </material>
              </response_label>
              <response_label ident="139">
                <material>
                  <mattext texttype="text/plain">Genitive</mattext>
                </material>
              </response_label>
              <response_label ident="140">
                <material>
                  <mattext texttype="text/plain">Dative</mattext>
                </material>
              </response_label>
              <response_label ident="141">
                <material>
                  <mattext texttype="text/plain">Accusative</mattext>
                </material>
              </response_label>
              <response_label ident="142">
                <material>
                  <mattext texttype="text/plain">Vocative</mattext>
                </material>
              </response_label>
              <response_label ident="143">
                <material>
                  <mattext texttype="text/plain">Singular</mattext>
                </material>
              </response_label>
              <response_label ident="144">
                <material>
                  <mattext texttype="text/plain">Plural</mattext>
                </material>
              </response_label>
            </render_choice>
          </response_lid>
        </presentation>
        <resprocessing>
          <outcomes>
            <decvar maxvalue="100" minvalue="0" varname="SCORE" vartype="Decimal"/>
          </outcomes>
          <respcondition continue="No">
            <conditionvar>
              <and>
                <varequal respident="response1">141</varequal>
                <varequal respident="response1">143</varequal>
                <not>
                  <varequal respident="response1">138</varequal>
                </not>
                <not>
                  <varequal respident="response1">139</varequal>
                </not>
                <not>
                  <varequal respident="response1">140</varequal>
                </not>
                <not>
                  <varequal respident="response1">142</varequal>
                </not>
                <not>
                  <varequal respident="response1">144</varequal>
                </not>
              </and>
            </conditionvar>
            <setvar action="Set" varname="SCORE">100</setvar>
          </respcondition>
        </resprocessing>
      </item>
      <item title="Noun Parsing" ident="5ffe6940a69fe_145">
        <itemmetadata>
          <qtimetadata>
            <qtimetadatafield>
              <fieldlabel>question_type</fieldlabel>
              <fieldentry>multiple_answers_question</fieldentry>
            </qtimetadatafield>
            <qtimetadatafield>
              <fieldlabel>points_possible</fieldlabel>
              <fieldentry>1</fieldentry>
            </qtimetadatafield>
            <qtimetadatafield>
              <fieldlabel>original_answer_ids</fieldlabel>
              <fieldentry>=Nominative~Genitive~Dative~Accusative=Vocative~Singular=Plural</fieldentry>
            </qtimetadatafield>
            <qtimetadatafield>
              <fieldlabel>assessment_question_identifierref</fieldlabel>
              <fieldentry>5ffe6940a69fe_146</fieldentry>
            </qtimetadatafield>
          </qtimetadata>
        </itemmetadata>
        <presentation>
          <material>
            <mattext texttype="text/html">What case and number is μαθηταί</mattext>
          </material>
          <response_lid ident="response1" rcardinality="Multiple">
            <render_choice>
              <response_label ident="147">
                <material>
                  <mattext texttype="text/plain">Nominative</mattext>
                </material>
              </response_label>
              <response_label ident="148">
                <material>
                  <mattext texttype="text/plain">Genitive</mattext>
                </material>
              </response_label>
              <response_label ident="149">
                <material>
                  <mattext texttype="text/plain">Dative</mattext>
                </material>
              </response_label>
              <response_label ident="150">
                <material>
                  <mattext texttype="text/plain">Accusative</mattext>
                </material>
              </response_label>
              <response_label ident="151">
                <material>
                  <mattext texttype="text/plain">Vocative</mattext>
                </material>
              </response_label>
              <response_label ident="152">
                <material>
                  <mattext texttype="text/plain">Singular</mattext>
                </material>
              </response_label>
              <response_label ident="153">
                <material>
                  <mattext texttype="text/plain">Plural</mattext>
                </material>
              </response_label>
            </render_choice>
          </response_lid>
        </presentation>
        <resprocessing>
          <outcomes>
            <decvar maxvalue="100" minvalue="0" varname="SCORE" vartype="Decimal"/>
          </outcomes>
          <respcondition continue="No">
            <conditionvar>
              <and>
                <varequal respident="response1">147</varequal>
                <varequal respident="response1">151</varequal>
                <varequal respident="response1">153</varequal>
                <not>
                  <varequal respident="response1">148</varequal>
                </not>
                <not>
                  <varequal respident="response1">149</varequal>
                </not>
                <not>
                  <varequal respident="response1">150</varequal>
                </not>
                <not>
                  <varequal respident="response1">152</varequal>
                </not>
              </and>
            </conditionvar>
            <setvar action="Set" varname="SCORE">100</setvar>
          </respcondition>
        </resprocessing>
      </item>
      <item title="Noun Parsing" ident="5ffe6940a69fe_154">
        <itemmetadata>
          <qtimetadata>
            <qtimetadatafield>
              <fieldlabel>question_type</fieldlabel>
              <fieldentry>multiple_answers_question</fieldentry>
            </qtimetadatafield>
            <qtimetadatafield>
              <fieldlabel>points_possible</fieldlabel>
              <fieldentry>1</fieldentry>
            </qtimetadatafield>
            <qtimetadatafield>
              <fieldlabel>original_answer_ids</fieldlabel>
              <fieldentry>=Nominative~Genitive~Dative~Accusative=Vocative~Singular=Plural</fieldentry>
            </qtimetadatafield>
            <qtimetadatafield>
              <fieldlabel>assessment_question_identifierref</fieldlabel>
              <fieldentry>5ffe6940a69fe_155</fieldentry>
            </qtimetadatafield>
          </qtimetadata>
        </itemmetadata>
        <presentation>
          <material>
            <mattext texttype="text/html">What case and number is μαθηταί</mattext>
          </material>
          <response_lid ident="response1" rcardinality="Multiple">
            <render_choice>
              <response_label ident="156">
                <material>
                  <mattext texttype="text/plain">Nominative</mattext>
                </material>
              </response_label>
              <response_label ident="157">
                <material>
                  <mattext texttype="text/plain">Genitive</mattext>
                </material>
              </response_label>
              <response_label ident="158">
                <material>
                  <mattext texttype="text/plain">Dative</mattext>
                </material>
              </response_label>
              <response_label ident="159">
                <material>
                  <mattext texttype="text/plain">Accusative</mattext>
                </material>
              </response_label>
              <response_label ident="160">
                <material>
                  <mattext texttype="text/plain">Vocative</mattext>
                </material>
              </response_label>
              <response_label ident="161">
                <material>
                  <mattext texttype="text/plain">Singular</mattext>
                </material>
              </response_label>
              <response_label ident="162">
                <material>
                  <mattext texttype="text/plain">Plural</mattext>
                </material>
              </response_label>
            </render_choice>
          </response_lid>
        </presentation>
        <resprocessing>
          <outcomes>
            <decvar maxvalue="100" minvalue="0" varname="SCORE" vartype="Decimal"/>
          </outcomes>
          <respcondition continue="No">
            <conditionvar>
              <and>
                <varequal respident="response1">156</varequal>
                <varequal respident="response1">160</varequal>
                <varequal respident="response1">162</varequal>
                <not>
                  <varequal respident="response1">157</varequal>
                </not>
                <not>
                  <varequal respident="response1">158</varequal>
                </not>
                <not>
                  <varequal respident="response1">159</varequal>
                </not>
                <not>
                  <varequal respident="response1">161</varequal>
                </not>
              </and>
            </conditionvar>
            <setvar action="Set" varname="SCORE">100</setvar>
          </respcondition>
        </resprocessing>
      </item>
      <item title="Noun Parsing" ident="5ffe6940a69fe_163">
        <itemmetadata>
          <qtimetadata>
            <qtimetadatafield>
              <fieldlabel>question_type</fieldlabel>
              <fieldentry>multiple_answers_question</fieldentry>
            </qtimetadatafield>
            <qtimetadatafield>
              <fieldlabel>points_possible</fieldlabel>
              <fieldentry>1</fieldentry>
            </qtimetadatafield>
            <qtimetadatafield>
              <fieldlabel>original_answer_ids</fieldlabel>
              <fieldentry>~Nominative=Genitive~Dative~Accusative~Vocative~Singular=Plural</fieldentry>
            </qtimetadatafield>
            <qtimetadatafield>
              <fieldlabel>assessment_question_identifierref</fieldlabel>
              <fieldentry>5ffe6940a69fe_164</fieldentry>
            </qtimetadatafield>
          </qtimetadata>
        </itemmetadata>
        <presentation>
          <material>
            <mattext texttype="text/html">What case and number is μαθητῶν</mattext>
          </material>
          <response_lid ident="response1" rcardinality="Multiple">
            <render_choice>
              <response_label ident="165">
                <material>
                  <mattext texttype="text/plain">Nominative</mattext>
                </material>
              </response_label>
              <response_label ident="166">
                <material>
                  <mattext texttype="text/plain">Genitive</mattext>
                </material>
              </response_label>
              <response_label ident="167">
                <material>
                  <mattext texttype="text/plain">Dative</mattext>
                </material>
              </response_label>
              <response_label ident="168">
                <material>
                  <mattext texttype="text/plain">Accusative</mattext>
                </material>
              </response_label>
              <response_label ident="169">
                <material>
                  <mattext texttype="text/plain">Vocative</mattext>
                </material>
              </response_label>
              <response_label ident="170">
                <material>
                  <mattext texttype="text/plain">Singular</mattext>
                </material>
              </response_label>
              <response_label ident="171">
                <material>
                  <mattext texttype="text/plain">Plural</mattext>
                </material>
              </response_label>
            </render_choice>
          </response_lid>
        </presentation>
        <resprocessing>
          <outcomes>
            <decvar maxvalue="100" minvalue="0" varname="SCORE" vartype="Decimal"/>
          </outcomes>
          <respcondition continue="No">
            <conditionvar>
              <and>
                <varequal respident="response1">166</varequal>
                <varequal respident="response1">171</varequal>
                <not>
                  <varequal respident="response1">165</varequal>
                </not>
                <not>
                  <varequal respident="response1">167</varequal>
                </not>
                <not>
                  <varequal respident="response1">168</varequal>
                </not>
                <not>
                  <varequal respident="response1">169</varequal>
                </not>
                <not>
                  <varequal respident="response1">170</varequal>
                </not>
              </and>
            </conditionvar>
            <setvar action="Set" varname="SCORE">100</setvar>
          </respcondition>
        </resprocessing>
      </item>
      <item title="Noun Parsing" ident="5ffe6940a69fe_172">
        <itemmetadata>
          <qtimetadata>
            <qtimetadatafield>
              <fieldlabel>question_type</fieldlabel>
              <fieldentry>multiple_answers_question</fieldentry>
            </qtimetadatafield>
            <qtimetadatafield>
              <fieldlabel>points_possible</fieldlabel>
              <fieldentry>1</fieldentry>
            </qtimetadatafield>
            <qtimetadatafield>
              <fieldlabel>original_answer_ids</fieldlabel>
              <fieldentry>~Nominative~Genitive=Dative~Accusative~Vocative~Singular=Plural</fieldentry>
            </qtimetadatafield>
            <qtimetadatafield>
              <fieldlabel>assessment_question_identifierref</fieldlabel>
              <fieldentry>5ffe6940a69fe_173</fieldentry>
            </qtimetadatafield>
          </qtimetadata>
        </itemmetadata>
        <presentation>
          <material>
            <mattext texttype="text/html">What case and number is μαθηταῖς</mattext>
          </material>
          <response_lid ident="response1" rcardinality="Multiple">
            <render_choice>
              <response_label ident="174">
                <material>
                  <mattext texttype="text/plain">Nominative</mattext>
                </material>
              </response_label>
              <response_label ident="175">
                <material>
                  <mattext texttype="text/plain">Genitive</mattext>
                </material>
              </response_label>
              <response_label ident="176">
                <material>
                  <mattext texttype="text/plain">Dative</mattext>
                </material>
              </response_label>
              <response_label ident="177">
                <material>
                  <mattext texttype="text/plain">Accusative</mattext>
                </material>
              </response_label>
              <response_label ident="178">
                <material>
                  <mattext texttype="text/plain">Vocative</mattext>
                </material>
              </response_label>
              <response_label ident="179">
                <material>
                  <mattext texttype="text/plain">Singular</mattext>
                </material>
              </response_label>
              <response_label ident="180">
                <material>
                  <mattext texttype="text/plain">Plural</mattext>
                </material>
              </response_label>
            </render_choice>
          </response_lid>
        </presentation>
        <resprocessing>
          <outcomes>
            <decvar maxvalue="100" minvalue="0" varname="SCORE" vartype="Decimal"/>
          </outcomes>
          <respcondition continue="No">
            <conditionvar>
              <and>
                <varequal respident="response1">176</varequal>
                <varequal respident="response1">180</varequal>
                <not>
                  <varequal respident="response1">174</varequal>
                </not>
                <not>
                  <varequal respident="response1">175</varequal>
                </not>
                <not>
                  <varequal respident="response1">177</varequal>
                </not>
                <not>
                  <varequal respident="response1">178</varequal>
                </not>
                <not>
                  <varequal respident="response1">179</varequal>
                </not>
              </and>
            </conditionvar>
            <setvar action="Set" varname="SCORE">100</setvar>
          </respcondition>
        </resprocessing>
      </item>
      <item title="Noun Parsing" ident="5ffe6940a69fe_181">
        <itemmetadata>
          <qtimetadata>
            <qtimetadatafield>
              <fieldlabel>question_type</fieldlabel>
              <fieldentry>multiple_answers_question</fieldentry>
            </qtimetadatafield>
            <qtimetadatafield>
              <fieldlabel>points_possible</fieldlabel>
              <fieldentry>1</fieldentry>
            </qtimetadatafield>
            <qtimetadatafield>
              <fieldlabel>original_answer_ids</fieldlabel>
              <fieldentry>~Nominative~Genitive~Dative=Accusative~Vocative~Singular=Plural</fieldentry>
            </qtimetadatafield>
            <qtimetadatafield>
              <fieldlabel>assessment_question_identifierref</fieldlabel>
              <fieldentry>5ffe6940a69fe_182</fieldentry>
            </qtimetadatafield>
          </qtimetadata>
        </itemmetadata>
        <presentation>
          <material>
            <mattext texttype="text/html">What case and number is μαθητᾱ́ς</mattext>
          </material>
          <response_lid ident="response1" rcardinality="Multiple">
            <render_choice>
              <response_label ident="183">
                <material>
                  <mattext texttype="text/plain">Nominative</mattext>
                </material>
              </response_label>
              <response_label ident="184">
                <material>
                  <mattext texttype="text/plain">Genitive</mattext>
                </material>
              </response_label>
              <response_label ident="185">
                <material>
                  <mattext texttype="text/plain">Dative</mattext>
                </material>
              </response_label>
              <response_label ident="186">
                <material>
                  <mattext texttype="text/plain">Accusative</mattext>
                </material>
              </response_label>
              <response_label ident="187">
                <material>
                  <mattext texttype="text/plain">Vocative</mattext>
                </material>
              </response_label>
              <response_label ident="188">
                <material>
                  <mattext texttype="text/plain">Singular</mattext>
                </material>
              </response_label>
              <response_label ident="189">
                <material>
                  <mattext texttype="text/plain">Plural</mattext>
                </material>
              </response_label>
            </render_choice>
          </response_lid>
        </presentation>
        <resprocessing>
          <outcomes>
            <decvar maxvalue="100" minvalue="0" varname="SCORE" vartype="Decimal"/>
          </outcomes>
          <respcondition continue="No">
            <conditionvar>
              <and>
                <varequal respident="response1">186</varequal>
                <varequal respident="response1">189</varequal>
                <not>
                  <varequal respident="response1">183</varequal>
                </not>
                <not>
                  <varequal respident="response1">184</varequal>
                </not>
                <not>
                  <varequal respident="response1">185</varequal>
                </not>
                <not>
                  <varequal respident="response1">187</varequal>
                </not>
                <not>
                  <varequal respident="response1">188</varequal>
                </not>
              </and>
            </conditionvar>
            <setvar action="Set" varname="SCORE">100</setvar>
          </respcondition>
        </resprocessing>
      </item>
      <item title="Noun Parsing" ident="5ffe6940a69fe_190">
        <itemmetadata>
          <qtimetadata>
            <qtimetadatafield>
              <fieldlabel>question_type</fieldlabel>
              <fieldentry>multiple_answers_question</fieldentry>
            </qtimetadatafield>
            <qtimetadatafield>
              <fieldlabel>points_possible</fieldlabel>
              <fieldentry>1</fieldentry>
            </qtimetadatafield>
            <qtimetadatafield>
              <fieldlabel>original_answer_ids</fieldlabel>
              <fieldentry>=Nominative~Genitive~Dative=Accusative~Vocative=Singular=Plural</fieldentry>
            </qtimetadatafield>
            <qtimetadatafield>
              <fieldlabel>assessment_question_identifierref</fieldlabel>
              <fieldentry>5ffe6940a69fe_191</fieldentry>
            </qtimetadatafield>
          </qtimetadata>
        </itemmetadata>
        <presentation>
          <material>
            <mattext texttype="text/html">What case and number is νεᾱνίᾱς</mattext>
          </material>
          <response_lid ident="response1" rcardinality="Multiple">
            <render_choice>
              <response_label ident="192">
                <material>
                  <mattext texttype="text/plain">Nominative</mattext>
                </material>
              </response_label>
              <response_label ident="193">
                <material>
                  <mattext texttype="text/plain">Genitive</mattext>
                </material>
              </response_label>
              <response_label ident="194">
                <material>
                  <mattext texttype="text/plain">Dative</mattext>
                </material>
              </response_label>
              <response_label ident="195">
                <material>
                  <mattext texttype="text/plain">Accusative</mattext>
                </material>
              </response_label>
              <response_label ident="196">
                <material>
                  <mattext texttype="text/plain">Vocative</mattext>
                </material>
              </response_label>
              <response_label ident="197">
                <material>
                  <mattext texttype="text/plain">Singular</mattext>
                </material>
              </response_label>
              <response_label ident="198">
                <material>
                  <mattext texttype="text/plain">Plural</mattext>
                </material>
              </response_label>
            </render_choice>
          </response_lid>
        </presentation>
        <resprocessing>
          <outcomes>
            <decvar maxvalue="100" minvalue="0" varname="SCORE" vartype="Decimal"/>
          </outcomes>
          <respcondition continue="No">
            <conditionvar>
              <and>
                <varequal respident="response1">192</varequal>
                <varequal respident="response1">195</varequal>
                <varequal respident="response1">197</varequal>
                <varequal respident="response1">198</varequal>
                <not>
                  <varequal respident="response1">193</varequal>
                </not>
                <not>
                  <varequal respident="response1">194</varequal>
                </not>
                <not>
                  <varequal respident="response1">196</varequal>
                </not>
              </and>
            </conditionvar>
            <setvar action="Set" varname="SCORE">100</setvar>
          </respcondition>
        </resprocessing>
      </item>
      <item title="Noun Parsing" ident="5ffe6940a69fe_199">
        <itemmetadata>
          <qtimetadata>
            <qtimetadatafield>
              <fieldlabel>question_type</fieldlabel>
              <fieldentry>multiple_answers_question</fieldentry>
            </qtimetadatafield>
            <qtimetadatafield>
              <fieldlabel>points_possible</fieldlabel>
              <fieldentry>1</fieldentry>
            </qtimetadatafield>
            <qtimetadatafield>
              <fieldlabel>original_answer_ids</fieldlabel>
              <fieldentry>~Nominative~Genitive~Dative~Accusative=Vocative=Singular~Plural</fieldentry>
            </qtimetadatafield>
            <qtimetadatafield>
              <fieldlabel>assessment_question_identifierref</fieldlabel>
              <fieldentry>5ffe6940a69fe_200</fieldentry>
            </qtimetadatafield>
          </qtimetadata>
        </itemmetadata>
        <presentation>
          <material>
            <mattext texttype="text/html">What case and number is νεᾱνίᾱ</mattext>
          </material>
          <response_lid ident="response1" rcardinality="Multiple">
            <render_choice>
              <response_label ident="201">
                <material>
                  <mattext texttype="text/plain">Nominative</mattext>
                </material>
              </response_label>
              <response_label ident="202">
                <material>
                  <mattext texttype="text/plain">Genitive</mattext>
                </material>
              </response_label>
              <response_label ident="203">
                <material>
                  <mattext texttype="text/plain">Dative</mattext>
                </material>
              </response_label>
              <response_label ident="204">
                <material>
                  <mattext texttype="text/plain">Accusative</mattext>
                </material>
              </response_label>
              <response_label ident="205">
                <material>
                  <mattext texttype="text/plain">Vocative</mattext>
                </material>
              </response_label>
              <response_label ident="206">
                <material>
                  <mattext texttype="text/plain">Singular</mattext>
                </material>
              </response_label>
              <response_label ident="207">
                <material>
                  <mattext texttype="text/plain">Plural</mattext>
                </material>
              </response_label>
            </render_choice>
          </response_lid>
        </presentation>
        <resprocessing>
          <outcomes>
            <decvar maxvalue="100" minvalue="0" varname="SCORE" vartype="Decimal"/>
          </outcomes>
          <respcondition continue="No">
            <conditionvar>
              <and>
                <varequal respident="response1">205</varequal>
                <varequal respident="response1">206</varequal>
                <not>
                  <varequal respident="response1">201</varequal>
                </not>
                <not>
                  <varequal respident="response1">202</varequal>
                </not>
                <not>
                  <varequal respident="response1">203</varequal>
                </not>
                <not>
                  <varequal respident="response1">204</varequal>
                </not>
                <not>
                  <varequal respident="response1">207</varequal>
                </not>
              </and>
            </conditionvar>
            <setvar action="Set" varname="SCORE">100</setvar>
          </respcondition>
        </resprocessing>
      </item>
      <item title="Noun Parsing" ident="5ffe6940a69fe_208">
        <itemmetadata>
          <qtimetadata>
            <qtimetadatafield>
              <fieldlabel>question_type</fieldlabel>
              <fieldentry>multiple_answers_question</fieldentry>
            </qtimetadatafield>
            <qtimetadatafield>
              <fieldlabel>points_possible</fieldlabel>
              <fieldentry>1</fieldentry>
            </qtimetadatafield>
            <qtimetadatafield>
              <fieldlabel>original_answer_ids</fieldlabel>
              <fieldentry>~Nominative=Genitive~Dative~Accusative~Vocative=Singular~Plural</fieldentry>
            </qtimetadatafield>
            <qtimetadatafield>
              <fieldlabel>assessment_question_identifierref</fieldlabel>
              <fieldentry>5ffe6940a69fe_209</fieldentry>
            </qtimetadatafield>
          </qtimetadata>
        </itemmetadata>
        <presentation>
          <material>
            <mattext texttype="text/html">What case and number is νεᾱνίου</mattext>
          </material>
          <response_lid ident="response1" rcardinality="Multiple">
            <render_choice>
              <response_label ident="210">
                <material>
                  <mattext texttype="text/plain">Nominative</mattext>
                </material>
              </response_label>
              <response_label ident="211">
                <material>
                  <mattext texttype="text/plain">Genitive</mattext>
                </material>
              </response_label>
              <response_label ident="212">
                <material>
                  <mattext texttype="text/plain">Dative</mattext>
                </material>
              </response_label>
              <response_label ident="213">
                <material>
                  <mattext texttype="text/plain">Accusative</mattext>
                </material>
              </response_label>
              <response_label ident="214">
                <material>
                  <mattext texttype="text/plain">Vocative</mattext>
                </material>
              </response_label>
              <response_label ident="215">
                <material>
                  <mattext texttype="text/plain">Singular</mattext>
                </material>
              </response_label>
              <response_label ident="216">
                <material>
                  <mattext texttype="text/plain">Plural</mattext>
                </material>
              </response_label>
            </render_choice>
          </response_lid>
        </presentation>
        <resprocessing>
          <outcomes>
            <decvar maxvalue="100" minvalue="0" varname="SCORE" vartype="Decimal"/>
          </outcomes>
          <respcondition continue="No">
            <conditionvar>
              <and>
                <varequal respident="response1">211</varequal>
                <varequal respident="response1">215</varequal>
                <not>
                  <varequal respident="response1">210</varequal>
                </not>
                <not>
                  <varequal respident="response1">212</varequal>
                </not>
                <not>
                  <varequal respident="response1">213</varequal>
                </not>
                <not>
                  <varequal respident="response1">214</varequal>
                </not>
                <not>
                  <varequal respident="response1">216</varequal>
                </not>
              </and>
            </conditionvar>
            <setvar action="Set" varname="SCORE">100</setvar>
          </respcondition>
        </resprocessing>
      </item>
      <item title="Noun Parsing" ident="5ffe6940a69fe_217">
        <itemmetadata>
          <qtimetadata>
            <qtimetadatafield>
              <fieldlabel>question_type</fieldlabel>
              <fieldentry>multiple_answers_question</fieldentry>
            </qtimetadatafield>
            <qtimetadatafield>
              <fieldlabel>points_possible</fieldlabel>
              <fieldentry>1</fieldentry>
            </qtimetadatafield>
            <qtimetadatafield>
              <fieldlabel>original_answer_ids</fieldlabel>
              <fieldentry>~Nominative~Genitive=Dative~Accusative~Vocative=Singular~Plural</fieldentry>
            </qtimetadatafield>
            <qtimetadatafield>
              <fieldlabel>assessment_question_identifierref</fieldlabel>
              <fieldentry>5ffe6940a69fe_218</fieldentry>
            </qtimetadatafield>
          </qtimetadata>
        </itemmetadata>
        <presentation>
          <material>
            <mattext texttype="text/html">What case and number is νεᾱνίᾳ</mattext>
          </material>
          <response_lid ident="response1" rcardinality="Multiple">
            <render_choice>
              <response_label ident="219">
                <material>
                  <mattext texttype="text/plain">Nominative</mattext>
                </material>
              </response_label>
              <response_label ident="220">
                <material>
                  <mattext texttype="text/plain">Genitive</mattext>
                </material>
              </response_label>
              <response_label ident="221">
                <material>
                  <mattext texttype="text/plain">Dative</mattext>
                </material>
              </response_label>
              <response_label ident="222">
                <material>
                  <mattext texttype="text/plain">Accusative</mattext>
                </material>
              </response_label>
              <response_label ident="223">
                <material>
                  <mattext texttype="text/plain">Vocative</mattext>
                </material>
              </response_label>
              <response_label ident="224">
                <material>
                  <mattext texttype="text/plain">Singular</mattext>
                </material>
              </response_label>
              <response_label ident="225">
                <material>
                  <mattext texttype="text/plain">Plural</mattext>
                </material>
              </response_label>
            </render_choice>
          </response_lid>
        </presentation>
        <resprocessing>
          <outcomes>
            <decvar maxvalue="100" minvalue="0" varname="SCORE" vartype="Decimal"/>
          </outcomes>
          <respcondition continue="No">
            <conditionvar>
              <and>
                <varequal respident="response1">221</varequal>
                <varequal respident="response1">224</varequal>
                <not>
                  <varequal respident="response1">219</varequal>
                </not>
                <not>
                  <varequal respident="response1">220</varequal>
                </not>
                <not>
                  <varequal respident="response1">222</varequal>
                </not>
                <not>
                  <varequal respident="response1">223</varequal>
                </not>
                <not>
                  <varequal respident="response1">225</varequal>
                </not>
              </and>
            </conditionvar>
            <setvar action="Set" varname="SCORE">100</setvar>
          </respcondition>
        </resprocessing>
      </item>
      <item title="Noun Parsing" ident="5ffe6940a69fe_226">
        <itemmetadata>
          <qtimetadata>
            <qtimetadatafield>
              <fieldlabel>question_type</fieldlabel>
              <fieldentry>multiple_answers_question</fieldentry>
            </qtimetadatafield>
            <qtimetadatafield>
              <fieldlabel>points_possible</fieldlabel>
              <fieldentry>1</fieldentry>
            </qtimetadatafield>
            <qtimetadatafield>
              <fieldlabel>original_answer_ids</fieldlabel>
              <fieldentry>~Nominative~Genitive~Dative=Accusative~Vocative=Singular~Plural</fieldentry>
            </qtimetadatafield>
            <qtimetadatafield>
              <fieldlabel>assessment_question_identifierref</fieldlabel>
              <fieldentry>5ffe6940a69fe_227</fieldentry>
            </qtimetadatafield>
          </qtimetadata>
        </itemmetadata>
        <presentation>
          <material>
            <mattext texttype="text/html">What case and number is νεᾱνίᾱν</mattext>
          </material>
          <response_lid ident="response1" rcardinality="Multiple">
            <render_choice>
              <response_label ident="228">
                <material>
                  <mattext texttype="text/plain">Nominative</mattext>
                </material>
              </response_label>
              <response_label ident="229">
                <material>
                  <mattext texttype="text/plain">Genitive</mattext>
                </material>
              </response_label>
              <response_label ident="230">
                <material>
                  <mattext texttype="text/plain">Dative</mattext>
                </material>
              </response_label>
              <response_label ident="231">
                <material>
                  <mattext texttype="text/plain">Accusative</mattext>
                </material>
              </response_label>
              <response_label ident="232">
                <material>
                  <mattext texttype="text/plain">Vocative</mattext>
                </material>
              </response_label>
              <response_label ident="233">
                <material>
                  <mattext texttype="text/plain">Singular</mattext>
                </material>
              </response_label>
              <response_label ident="234">
                <material>
                  <mattext texttype="text/plain">Plural</mattext>
                </material>
              </response_label>
            </render_choice>
          </response_lid>
        </presentation>
        <resprocessing>
          <outcomes>
            <decvar maxvalue="100" minvalue="0" varname="SCORE" vartype="Decimal"/>
          </outcomes>
          <respcondition continue="No">
            <conditionvar>
              <and>
                <varequal respident="response1">231</varequal>
                <varequal respident="response1">233</varequal>
                <not>
                  <varequal respident="response1">228</varequal>
                </not>
                <not>
                  <varequal respident="response1">229</varequal>
                </not>
                <not>
                  <varequal respident="response1">230</varequal>
                </not>
                <not>
                  <varequal respident="response1">232</varequal>
                </not>
                <not>
                  <varequal respident="response1">234</varequal>
                </not>
              </and>
            </conditionvar>
            <setvar action="Set" varname="SCORE">100</setvar>
          </respcondition>
        </resprocessing>
      </item>
      <item title="Noun Parsing" ident="5ffe6940a69fe_235">
        <itemmetadata>
          <qtimetadata>
            <qtimetadatafield>
              <fieldlabel>question_type</fieldlabel>
              <fieldentry>multiple_answers_question</fieldentry>
            </qtimetadatafield>
            <qtimetadatafield>
              <fieldlabel>points_possible</fieldlabel>
              <fieldentry>1</fieldentry>
            </qtimetadatafield>
            <qtimetadatafield>
              <fieldlabel>original_answer_ids</fieldlabel>
              <fieldentry>=Nominative~Genitive~Dative~Accusative=Vocative~Singular=Plural</fieldentry>
            </qtimetadatafield>
            <qtimetadatafield>
              <fieldlabel>assessment_question_identifierref</fieldlabel>
              <fieldentry>5ffe6940a69fe_236</fieldentry>
            </qtimetadatafield>
          </qtimetadata>
        </itemmetadata>
        <presentation>
          <material>
            <mattext texttype="text/html">What case and number is νεᾱνίαι</mattext>
          </material>
          <response_lid ident="response1" rcardinality="Multiple">
            <render_choice>
              <response_label ident="237">
                <material>
                  <mattext texttype="text/plain">Nominative</mattext>
                </material>
              </response_label>
              <response_label ident="238">
                <material>
                  <mattext texttype="text/plain">Genitive</mattext>
                </material>
              </response_label>
              <response_label ident="239">
                <material>
                  <mattext texttype="text/plain">Dative</mattext>
                </material>
              </response_label>
              <response_label ident="240">
                <material>
                  <mattext texttype="text/plain">Accusative</mattext>
                </material>
              </response_label>
              <response_label ident="241">
                <material>
                  <mattext texttype="text/plain">Vocative</mattext>
                </material>
              </response_label>
              <response_label ident="242">
                <material>
                  <mattext texttype="text/plain">Singular</mattext>
                </material>
              </response_label>
              <response_label ident="243">
                <material>
                  <mattext texttype="text/plain">Plural</mattext>
                </material>
              </response_label>
            </render_choice>
          </response_lid>
        </presentation>
        <resprocessing>
          <outcomes>
            <decvar maxvalue="100" minvalue="0" varname="SCORE" vartype="Decimal"/>
          </outcomes>
          <respcondition continue="No">
            <conditionvar>
              <and>
                <varequal respident="response1">237</varequal>
                <varequal respident="response1">241</varequal>
                <varequal respident="response1">243</varequal>
                <not>
                  <varequal respident="response1">238</varequal>
                </not>
                <not>
                  <varequal respident="response1">239</varequal>
                </not>
                <not>
                  <varequal respident="response1">240</varequal>
                </not>
                <not>
                  <varequal respident="response1">242</varequal>
                </not>
              </and>
            </conditionvar>
            <setvar action="Set" varname="SCORE">100</setvar>
          </respcondition>
        </resprocessing>
      </item>
      <item title="Noun Parsing" ident="5ffe6940a69fe_244">
        <itemmetadata>
          <qtimetadata>
            <qtimetadatafield>
              <fieldlabel>question_type</fieldlabel>
              <fieldentry>multiple_answers_question</fieldentry>
            </qtimetadatafield>
            <qtimetadatafield>
              <fieldlabel>points_possible</fieldlabel>
              <fieldentry>1</fieldentry>
            </qtimetadatafield>
            <qtimetadatafield>
              <fieldlabel>original_answer_ids</fieldlabel>
              <fieldentry>=Nominative~Genitive~Dative~Accusative=Vocative~Singular=Plural</fieldentry>
            </qtimetadatafield>
            <qtimetadatafield>
              <fieldlabel>assessment_question_identifierref</fieldlabel>
              <fieldentry>5ffe6940a69fe_245</fieldentry>
            </qtimetadatafield>
          </qtimetadata>
        </itemmetadata>
        <presentation>
          <material>
            <mattext texttype="text/html">What case and number is νεᾱνίαι</mattext>
          </material>
          <response_lid ident="response1" rcardinality="Multiple">
            <render_choice>
              <response_label ident="246">
                <material>
                  <mattext texttype="text/plain">Nominative</mattext>
                </material>
              </response_label>
              <response_label ident="247">
                <material>
                  <mattext texttype="text/plain">Genitive</mattext>
                </material>
              </response_label>
              <response_label ident="248">
                <material>
                  <mattext texttype="text/plain">Dative</mattext>
                </material>
              </response_label>
              <response_label ident="249">
                <material>
                  <mattext texttype="text/plain">Accusative</mattext>
                </material>
              </response_label>
              <response_label ident="250">
                <material>
                  <mattext texttype="text/plain">Vocative</mattext>
                </material>
              </response_label>
              <response_label ident="251">
                <material>
                  <mattext texttype="text/plain">Singular</mattext>
                </material>
              </response_label>
              <response_label ident="252">
                <material>
                  <mattext texttype="text/plain">Plural</mattext>
                </material>
              </response_label>
            </render_choice>
          </response_lid>
        </presentation>
        <resprocessing>
          <outcomes>
            <decvar maxvalue="100" minvalue="0" varname="SCORE" vartype="Decimal"/>
          </outcomes>
          <respcondition continue="No">
            <conditionvar>
              <and>
                <varequal respident="response1">246</varequal>
                <varequal respident="response1">250</varequal>
                <varequal respident="response1">252</varequal>
                <not>
                  <varequal respident="response1">247</varequal>
                </not>
                <not>
                  <varequal respident="response1">248</varequal>
                </not>
                <not>
                  <varequal respident="response1">249</varequal>
                </not>
                <not>
                  <varequal respident="response1">251</varequal>
                </not>
              </and>
            </conditionvar>
            <setvar action="Set" varname="SCORE">100</setvar>
          </respcondition>
        </resprocessing>
      </item>
      <item title="Noun Parsing" ident="5ffe6940a69fe_253">
        <itemmetadata>
          <qtimetadata>
            <qtimetadatafield>
              <fieldlabel>question_type</fieldlabel>
              <fieldentry>multiple_answers_question</fieldentry>
            </qtimetadatafield>
            <qtimetadatafield>
              <fieldlabel>points_possible</fieldlabel>
              <fieldentry>1</fieldentry>
            </qtimetadatafield>
            <qtimetadatafield>
              <fieldlabel>original_answer_ids</fieldlabel>
              <fieldentry>~Nominative=Genitive~Dative~Accusative~Vocative~Singular=Plural</fieldentry>
            </qtimetadatafield>
            <qtimetadatafield>
              <fieldlabel>assessment_question_identifierref</fieldlabel>
              <fieldentry>5ffe6940a69fe_254</fieldentry>
            </qtimetadatafield>
          </qtimetadata>
        </itemmetadata>
        <presentation>
          <material>
            <mattext texttype="text/html">What case and number is νεᾱνιῶν</mattext>
          </material>
          <response_lid ident="response1" rcardinality="Multiple">
            <render_choice>
              <response_label ident="255">
                <material>
                  <mattext texttype="text/plain">Nominative</mattext>
                </material>
              </response_label>
              <response_label ident="256">
                <material>
                  <mattext texttype="text/plain">Genitive</mattext>
                </material>
              </response_label>
              <response_label ident="257">
                <material>
                  <mattext texttype="text/plain">Dative</mattext>
                </material>
              </response_label>
              <response_label ident="258">
                <material>
                  <mattext texttype="text/plain">Accusative</mattext>
                </material>
              </response_label>
              <response_label ident="259">
                <material>
                  <mattext texttype="text/plain">Vocative</mattext>
                </material>
              </response_label>
              <response_label ident="260">
                <material>
                  <mattext texttype="text/plain">Singular</mattext>
                </material>
              </response_label>
              <response_label ident="261">
                <material>
                  <mattext texttype="text/plain">Plural</mattext>
                </material>
              </response_label>
            </render_choice>
          </response_lid>
        </presentation>
        <resprocessing>
          <outcomes>
            <decvar maxvalue="100" minvalue="0" varname="SCORE" vartype="Decimal"/>
          </outcomes>
          <respcondition continue="No">
            <conditionvar>
              <and>
                <varequal respident="response1">256</varequal>
                <varequal respident="response1">261</varequal>
                <not>
                  <varequal respident="response1">255</varequal>
                </not>
                <not>
                  <varequal respident="response1">257</varequal>
                </not>
                <not>
                  <varequal respident="response1">258</varequal>
                </not>
                <not>
                  <varequal respident="response1">259</varequal>
                </not>
                <not>
                  <varequal respident="response1">260</varequal>
                </not>
              </and>
            </conditionvar>
            <setvar action="Set" varname="SCORE">100</setvar>
          </respcondition>
        </resprocessing>
      </item>
      <item title="Noun Parsing" ident="5ffe6940a69fe_262">
        <itemmetadata>
          <qtimetadata>
            <qtimetadatafield>
              <fieldlabel>question_type</fieldlabel>
              <fieldentry>multiple_answers_question</fieldentry>
            </qtimetadatafield>
            <qtimetadatafield>
              <fieldlabel>points_possible</fieldlabel>
              <fieldentry>1</fieldentry>
            </qtimetadatafield>
            <qtimetadatafield>
              <fieldlabel>original_answer_ids</fieldlabel>
              <fieldentry>~Nominative~Genitive=Dative~Accusative~Vocative~Singular=Plural</fieldentry>
            </qtimetadatafield>
            <qtimetadatafield>
              <fieldlabel>assessment_question_identifierref</fieldlabel>
              <fieldentry>5ffe6940a69fe_263</fieldentry>
            </qtimetadatafield>
          </qtimetadata>
        </itemmetadata>
        <presentation>
          <material>
            <mattext texttype="text/html">What case and number is νεᾱνίαις</mattext>
          </material>
          <response_lid ident="response1" rcardinality="Multiple">
            <render_choice>
              <response_label ident="264">
                <material>
                  <mattext texttype="text/plain">Nominative</mattext>
                </material>
              </response_label>
              <response_label ident="265">
                <material>
                  <mattext texttype="text/plain">Genitive</mattext>
                </material>
              </response_label>
              <response_label ident="266">
                <material>
                  <mattext texttype="text/plain">Dative</mattext>
                </material>
              </response_label>
              <response_label ident="267">
                <material>
                  <mattext texttype="text/plain">Accusative</mattext>
                </material>
              </response_label>
              <response_label ident="268">
                <material>
                  <mattext texttype="text/plain">Vocative</mattext>
                </material>
              </response_label>
              <response_label ident="269">
                <material>
                  <mattext texttype="text/plain">Singular</mattext>
                </material>
              </response_label>
              <response_label ident="270">
                <material>
                  <mattext texttype="text/plain">Plural</mattext>
                </material>
              </response_label>
            </render_choice>
          </response_lid>
        </presentation>
        <resprocessing>
          <outcomes>
            <decvar maxvalue="100" minvalue="0" varname="SCORE" vartype="Decimal"/>
          </outcomes>
          <respcondition continue="No">
            <conditionvar>
              <and>
                <varequal respident="response1">266</varequal>
                <varequal respident="response1">270</varequal>
                <not>
                  <varequal respident="response1">264</varequal>
                </not>
                <not>
                  <varequal respident="response1">265</varequal>
                </not>
                <not>
                  <varequal respident="response1">267</varequal>
                </not>
                <not>
                  <varequal respident="response1">268</varequal>
                </not>
                <not>
                  <varequal respident="response1">269</varequal>
                </not>
              </and>
            </conditionvar>
            <setvar action="Set" varname="SCORE">100</setvar>
          </respcondition>
        </resprocessing>
      </item>
      <item title="Noun Parsing" ident="5ffe6940a69fe_271">
        <itemmetadata>
          <qtimetadata>
            <qtimetadatafield>
              <fieldlabel>question_type</fieldlabel>
              <fieldentry>multiple_answers_question</fieldentry>
            </qtimetadatafield>
            <qtimetadatafield>
              <fieldlabel>points_possible</fieldlabel>
              <fieldentry>1</fieldentry>
            </qtimetadatafield>
            <qtimetadatafield>
              <fieldlabel>original_answer_ids</fieldlabel>
              <fieldentry>=Nominative~Genitive~Dative=Accusative~Vocative=Singular=Plural</fieldentry>
            </qtimetadatafield>
            <qtimetadatafield>
              <fieldlabel>assessment_question_identifierref</fieldlabel>
              <fieldentry>5ffe6940a69fe_272</fieldentry>
            </qtimetadatafield>
          </qtimetadata>
        </itemmetadata>
        <presentation>
          <material>
            <mattext texttype="text/html">What case and number is νεᾱνίᾱς</mattext>
          </material>
          <response_lid ident="response1" rcardinality="Multiple">
            <render_choice>
              <response_label ident="273">
                <material>
                  <mattext texttype="text/plain">Nominative</mattext>
                </material>
              </response_label>
              <response_label ident="274">
                <material>
                  <mattext texttype="text/plain">Genitive</mattext>
                </material>
              </response_label>
              <response_label ident="275">
                <material>
                  <mattext texttype="text/plain">Dative</mattext>
                </material>
              </response_label>
              <response_label ident="276">
                <material>
                  <mattext texttype="text/plain">Accusative</mattext>
                </material>
              </response_label>
              <response_label ident="277">
                <material>
                  <mattext texttype="text/plain">Vocative</mattext>
                </material>
              </response_label>
              <response_label ident="278">
                <material>
                  <mattext texttype="text/plain">Singular</mattext>
                </material>
              </response_label>
              <response_label ident="279">
                <material>
                  <mattext texttype="text/plain">Plural</mattext>
                </material>
              </response_label>
            </render_choice>
          </response_lid>
        </presentation>
        <resprocessing>
          <outcomes>
            <decvar maxvalue="100" minvalue="0" varname="SCORE" vartype="Decimal"/>
          </outcomes>
          <respcondition continue="No">
            <conditionvar>
              <and>
                <varequal respident="response1">273</varequal>
                <varequal respident="response1">276</varequal>
                <varequal respident="response1">278</varequal>
                <varequal respident="response1">279</varequal>
                <not>
                  <varequal respident="response1">274</varequal>
                </not>
                <not>
                  <varequal respident="response1">275</varequal>
                </not>
                <not>
                  <varequal respident="response1">277</varequal>
                </not>
              </and>
            </conditionvar>
            <setvar action="Set" varname="SCORE">100</setvar>
          </respcondition>
        </resprocessing>
      </item>
    </section>
  </assessment>
</questestinterop>
